JvmtiExport can_access_local_variables 0
JvmtiExport can_hotswap_or_post_breakpoint 0
JvmtiExport can_post_on_exceptions 0
# 176 ciObject found
ciInstanceKlass java/lang/Cloneable 1 0 7 100 1 100 1 1 1
instanceKlass nonapi/io/github/classgraph/fastzipfilereader/NestedJarHandler$RecyclableInflater
instanceKlass nonapi/io/github/classgraph/recycler/Resettable
instanceKlass nonapi/io/github/classgraph/fastzipfilereader/FastZipEntry
instanceKlass nonapi/io/github/classgraph/utils/StringUtils
instanceKlass nonapi/io/github/classgraph/fileslice/reader/RandomAccessArrayReader
instanceKlass sun/nio/ch/IOStatus
instanceKlass java/nio/channels/spi/AbstractInterruptibleChannel$1
instanceKlass sun/nio/ch/Interruptible
instanceKlass nonapi/io/github/classgraph/fileslice/reader/RandomAccessFileChannelReader
instanceKlass nonapi/io/github/classgraph/fastzipfilereader/ZipFileSlice
instanceKlass sun/nio/ch/NativeThreadSet
instanceKlass java/nio/file/attribute/FileAttribute
instanceKlass java/nio/channels/spi/AbstractInterruptibleChannel
instanceKlass java/nio/channels/InterruptibleChannel
instanceKlass java/nio/channels/ScatteringByteChannel
instanceKlass java/nio/channels/GatheringByteChannel
instanceKlass java/nio/channels/SeekableByteChannel
instanceKlass java/nio/channels/ByteChannel
instanceKlass java/nio/channels/WritableByteChannel
instanceKlass java/nio/channels/ReadableByteChannel
instanceKlass nonapi/io/github/classgraph/fileslice/reader/RandomAccessReader
instanceKlass nonapi/io/github/classgraph/fastzipfilereader/PhysicalZipFile
instanceKlass io/github/classgraph/Resource
instanceKlass nonapi/io/github/classgraph/concurrency/WorkQueue$1
instanceKlass nonapi/io/github/classgraph/concurrency/WorkQueue$WorkUnitWrapper
instanceKlass nonapi/io/github/classgraph/concurrency/WorkQueue
instanceKlass io/github/classgraph/Scanner$3
instanceKlass io/github/classgraph/Scanner$ClasspathEntryWorkUnit
instanceKlass java/util/concurrent/FutureTask$WaitNode
instanceKlass java/util/concurrent/FutureTask
instanceKlass java/util/concurrent/RunnableFuture
instanceKlass nonapi/io/github/classgraph/classpath/ClasspathOrder$ClasspathElementAndClassLoader
instanceKlass nonapi/io/github/classgraph/classpath/SystemJarFinder$1
instanceKlass nonapi/io/github/classgraph/classpath/SystemJarFinder
instanceKlass nonapi/io/github/classgraph/utils/JarUtils
instanceKlass nonapi/io/github/classgraph/reflection/StandardReflectionDriver$1
instanceKlass java/util/AbstractMap$SimpleEntry
instanceKlass nonapi/io/github/classgraph/classpath/ClassLoaderFinder
instanceKlass nonapi/io/github/classgraph/classloaderhandler/FallbackClassLoaderHandler
instanceKlass nonapi/io/github/classgraph/classloaderhandler/ClassGraphClassLoaderHandler
instanceKlass nonapi/io/github/classgraph/classloaderhandler/URLClassLoaderHandler
instanceKlass nonapi/io/github/classgraph/classloaderhandler/JPMSClassLoaderHandler
instanceKlass nonapi/io/github/classgraph/classloaderhandler/ParentLastDelegationOrderTestClassLoaderHandler
instanceKlass nonapi/io/github/classgraph/classloaderhandler/UnoOneJarClassLoaderHandler
instanceKlass nonapi/io/github/classgraph/classloaderhandler/QuarkusClassLoaderHandler
instanceKlass nonapi/io/github/classgraph/classloaderhandler/PlexusClassWorldsClassRealmClassLoaderHandler
instanceKlass nonapi/io/github/classgraph/classloaderhandler/CxfContainerClassLoaderHandler
instanceKlass nonapi/io/github/classgraph/classloaderhandler/TomcatWebappClassLoaderBaseHandler
instanceKlass nonapi/io/github/classgraph/classloaderhandler/SpringBootRestartClassLoaderHandler
instanceKlass nonapi/io/github/classgraph/classloaderhandler/OSGiDefaultClassLoaderHandler
instanceKlass nonapi/io/github/classgraph/classloaderhandler/WebsphereTraditionalClassLoaderHandler
instanceKlass nonapi/io/github/classgraph/classloaderhandler/WebsphereLibertyClassLoaderHandler
instanceKlass nonapi/io/github/classgraph/classloaderhandler/WeblogicClassLoaderHandler
instanceKlass nonapi/io/github/classgraph/classloaderhandler/JBossClassLoaderHandler
instanceKlass nonapi/io/github/classgraph/classloaderhandler/FelixClassLoaderHandler
instanceKlass nonapi/io/github/classgraph/classloaderhandler/EquinoxContextFinderClassLoaderHandler
instanceKlass nonapi/io/github/classgraph/classloaderhandler/EquinoxClassLoaderHandler
instanceKlass nonapi/io/github/classgraph/classpath/ClassLoaderOrder
instanceKlass nonapi/io/github/classgraph/utils/LogNode
instanceKlass nonapi/io/github/classgraph/classloaderhandler/AntClassLoaderHandler
instanceKlass nonapi/io/github/classgraph/classloaderhandler/ClassLoaderHandler
instanceKlass nonapi/io/github/classgraph/classloaderhandler/ClassLoaderHandlerRegistry$ClassLoaderHandlerRegistryEntry
instanceKlass nonapi/io/github/classgraph/classloaderhandler/ClassLoaderHandlerRegistry
instanceKlass nonapi/io/github/classgraph/classpath/ClasspathOrder
instanceKlass io/github/classgraph/ModuleRef
instanceKlass java/lang/Class$EnclosingMethodInfo
instanceKlass nonapi/io/github/classgraph/reflection/ReflectionDriver$ClassMemberCache
instanceKlass java/util/concurrent/CountDownLatch
instanceKlass nonapi/io/github/classgraph/concurrency/SingletonMap$SingletonHolder
instanceKlass java/lang/StackStreamFactory$FrameBuffer
instanceKlass java/lang/StackStreamFactory$1
instanceKlass java/lang/StackStreamFactory
instanceKlass nonapi/io/github/classgraph/classpath/CallStackReader$1
instanceKlass nonapi/io/github/classgraph/classpath/CallStackReader$2
instanceKlass nonapi/io/github/classgraph/classpath/CallStackReader
instanceKlass nonapi/io/github/classgraph/classpath/ModuleFinder
instanceKlass nonapi/io/github/classgraph/classpath/ClasspathFinder
instanceKlass nonapi/io/github/classgraph/fileslice/Slice
instanceKlass nonapi/io/github/classgraph/recycler/Recycler
instanceKlass nonapi/io/github/classgraph/fastzipfilereader/NestedJarHandler
instanceKlass nonapi/io/github/classgraph/utils/CollectionUtils
instanceKlass io/github/classgraph/ClasspathElement
instanceKlass io/github/classgraph/Scanner$1
instanceKlass nonapi/io/github/classgraph/concurrency/WorkQueue$WorkUnitProcessor
instanceKlass io/github/classgraph/Scanner
instanceKlass java/util/concurrent/atomic/AtomicReference
instanceKlass nonapi/io/github/classgraph/concurrency/InterruptionChecker
instanceKlass nonapi/io/github/classgraph/concurrency/SimpleThreadFactory
instanceKlass java/util/concurrent/ThreadPoolExecutor$AbortPolicy
instanceKlass java/util/concurrent/RejectedExecutionHandler
instanceKlass nonapi/io/github/classgraph/utils/FastPathResolver
instanceKlass nonapi/io/github/classgraph/utils/FileUtils$2
instanceKlass nonapi/io/github/classgraph/utils/VersionFinder
instanceKlass java/security/DomainCombiner
instanceKlass nonapi/io/github/classgraph/reflection/ReflectionUtils$PrivilegedActionInvocationHandler
instanceKlass nonapi/io/github/classgraph/concurrency/SingletonMap
instanceKlass nonapi/io/github/classgraph/reflection/ReflectionDriver
instanceKlass nonapi/io/github/classgraph/reflection/ReflectionUtils
instanceKlass nonapi/io/github/classgraph/utils/FileUtils$1
instanceKlass nonapi/io/github/classgraph/utils/FileUtils
instanceKlass io/github/classgraph/ScanResult
instanceKlass io/github/classgraph/ModulePathInfo
instanceKlass nonapi/io/github/classgraph/scanspec/AcceptReject
instanceKlass nonapi/io/github/classgraph/scanspec/ScanSpec
instanceKlass java/lang/StrictMath
instanceKlass io/github/classgraph/ClassGraph
instanceKlass java/nio/file/FileVisitor
instanceKlass net/thucydides/core/requirements/DefaultCapabilityTypes
instanceKlass net/thucydides/core/statistics/service/FeatureStoryTagProvider
instanceKlass net/thucydides/core/statistics/service/AnnotationBasedTagProvider
instanceKlass java/util/concurrent/ForkJoinPool$DefaultCommonPoolForkJoinWorkerThreadFactory$1
instanceKlass jdk/internal/util/random/RandomSupport
instanceKlass java/util/concurrent/ForkJoinPool$WorkQueue
instanceKlass java/util/concurrent/ForkJoinPool$DefaultCommonPoolForkJoinWorkerThreadFactory
instanceKlass java/util/concurrent/ForkJoinPool$1
instanceKlass java/util/concurrent/ForkJoinPool$DefaultForkJoinWorkerThreadFactory
instanceKlass java/util/concurrent/ForkJoinPool$ForkJoinWorkerThreadFactory
instanceKlass java/util/concurrent/AbstractExecutorService
instanceKlass java/util/concurrent/ForkJoinTask$Aux
instanceKlass java/util/concurrent/ForkJoinTask
instanceKlass sun/nio/fs/BasicFileAttributesHolder
instanceKlass sun/nio/fs/WindowsDirectoryStream$WindowsDirectoryIterator
instanceKlass java/nio/file/Files$AcceptAllFilter
instanceKlass java/nio/file/DirectoryStream$Filter
instanceKlass java/lang/invoke/MethodHandle$1
instanceKlass net/thucydides/core/requirements/RootDirectory
instanceKlass net/thucydides/core/requirements/model/RequirementsConfiguration
instanceKlass net/thucydides/core/requirements/FileSystemRequirementsStore
instanceKlass net/thucydides/core/requirements/RequirementsStore
instanceKlass net/thucydides/core/requirements/AbstractRequirementsTagProvider
instanceKlass net/thucydides/core/requirements/OverridableTagProvider
instanceKlass net/thucydides/core/requirements/CoreTagProvider
instanceKlass net/thucydides/core/requirements/RequirementTypesProvider
instanceKlass net/thucydides/core/model/PackageBasedLeafRequirements
instanceKlass com/google/common/eventbus/DeadEvent
instanceKlass com/google/common/collect/Iterators$ConcatenatedIterator
instanceKlass com/google/common/reflect/TypeVisitor
instanceKlass com/google/common/reflect/TypeToken$TypeCollector
instanceKlass com/google/common/collect/ForwardingObject
instanceKlass com/google/common/reflect/Invokable
instanceKlass com/google/common/reflect/TypeCapture
instanceKlass com/google/common/eventbus/SubscriberRegistry
instanceKlass com/google/common/eventbus/EventBus$LoggingHandler
instanceKlass com/google/common/eventbus/Dispatcher
instanceKlass com/google/common/util/concurrent/ListeningScheduledExecutorService
instanceKlass java/util/concurrent/ScheduledExecutorService
instanceKlass com/google/common/util/concurrent/ListeningExecutorService
instanceKlass java/util/concurrent/ExecutorService
instanceKlass com/google/common/util/concurrent/MoreExecutors
instanceKlass com/google/common/eventbus/SubscriberExceptionHandler
instanceKlass net/thucydides/core/events/TestLifecycleEvents$TestSuiteStarted
instanceKlass com/google/common/eventbus/EventBus
instanceKlass net/thucydides/core/events/TestLifecycleEvents
instanceKlass net/thucydides/core/model/AnnotatedStoryTitle
instanceKlass net/thucydides/core/annotations/Story
instanceKlass net/thucydides/core/model/Stories
instanceKlass com/google/common/base/Splitter$3
instanceKlass com/google/common/base/CommonMatcher
instanceKlass net/thucydides/core/util/Acronym
instanceKlass org/apache/commons/lang3/CharUtils
instanceKlass com/google/common/base/NullnessCasts
instanceKlass com/google/common/base/AbstractIterator$1
instanceKlass com/google/common/base/AbstractIterator
instanceKlass com/google/common/base/Splitter$1
instanceKlass com/google/common/base/CharMatcher
instanceKlass com/google/common/base/Splitter$Strategy
instanceKlass com/google/common/base/Splitter
instanceKlass net/serenitybdd/core/parallel/Agency
instanceKlass net/thucydides/core/steps/Droppable
instanceKlass net/thucydides/core/webdriver/DriverName
instanceKlass net/thucydides/core/webdriver/WebdriverInstances
instanceKlass net/thucydides/core/annotations/Pending
instanceKlass net/thucydides/core/annotations/Manual
instanceKlass net/thucydides/core/reports/html/CucumberTagConverter
instanceKlass io/cucumber/tagexpressions/TagExpressionParser$True
instanceKlass io/cucumber/tagexpressions/Expression
instanceKlass io/cucumber/tagexpressions/TagExpressionParser
instanceKlass net/thucydides/core/reflection/MethodFinder
instanceKlass net/thucydides/core/util/NameConverter
instanceKlass net/thucydides/core/annotations/WithTag
instanceKlass net/thucydides/core/annotations/WithTags
instanceKlass net/thucydides/core/annotations/WithTagValuesOf
instanceKlass net/thucydides/core/annotations/TestAnnotations
instanceKlass net/thucydides/core/adapters/legacy/DefaultJUnitStrategy
instanceKlass net/thucydides/core/adapters/legacy/DefaultJUnitAdapter
instanceKlass net/thucydides/core/adapters/junit4/JUnit4Strategy
instanceKlass net/thucydides/core/adapters/junit4/JUnit4Adapter
instanceKlass net/thucydides/core/adapters/MultiStrategyAdapter
instanceKlass net/thucydides/core/adapters/JUnitStrategy
instanceKlass net/thucydides/core/reflection/ClassFinder
instanceKlass net/thucydides/core/adapters/TestStrategyAdapter
instanceKlass net/thucydides/core/adapters/TestFramework
instanceKlass net/serenitybdd/junit/runners/TestMethodConfiguration
instanceKlass org/junit/runners/ParentRunner$4
instanceKlass org/junit/runners/RuleContainer$1
instanceKlass org/junit/runners/RuleContainer
instanceKlass org/junit/rules/TestRule
instanceKlass org/junit/runners/ParentRunner$ClassRuleCollector
instanceKlass org/junit/internal/runners/model/EachTestNotifier
instanceKlass net/thucydides/junit/listeners/TestCountListener
instanceKlass net/thucydides/junit/guice/ThucydidesJUnitModule$TestCountListenerProvider$$FastClassByGuice$$23951856
instanceKlass net/thucydides/junit/guice/ThucydidesJUnitModule$TestCountListenerProvider
instanceKlass net/thucydides/junit/listeners/TestCounter
instanceKlass net/thucydides/junit/guice/JUnitInjectors
instanceKlass org/slf4j/simple/OutputChoice$1
instanceKlass org/slf4j/helpers/FormattingTuple
instanceKlass org/slf4j/helpers/MessageFormatter
instanceKlass net/serenitybdd/core/collect/NewList
instanceKlass net/serenitybdd/core/photography/PageSourceRecorder
instanceKlass net/serenitybdd/core/photography/SoundEngineer
instanceKlass org/openqa/selenium/devtools/HasDevTools
instanceKlass net/thucydides/core/webdriver/WebdriverProxyFactory
instanceKlass net/thucydides/core/model/failures/FailureAnalysisConfiguration
instanceKlass net/serenitybdd/core/exceptions/CausesAssertionFailure
instanceKlass sun/nio/fs/WindowsDirectoryStream
instanceKlass sun/nio/fs/WindowsChannelFactory$Flags
instanceKlass sun/nio/fs/WindowsChannelFactory$1
instanceKlass sun/nio/fs/WindowsChannelFactory
instanceKlass sun/nio/fs/ExtendedFileSystemProvider
instanceKlass net/serenitybdd/core/collect/NewSet
instanceKlass com/google/gson/internal/bind/ReflectiveTypeAdapterFactory$BoundField
instanceKlass com/google/gson/internal/bind/ReflectiveTypeAdapterFactory
instanceKlass com/google/gson/internal/bind/JsonAdapterAnnotationTypeAdapterFactory
instanceKlass com/google/gson/internal/bind/MapTypeAdapterFactory
instanceKlass com/google/gson/internal/bind/CollectionTypeAdapterFactory
instanceKlass com/google/gson/internal/bind/ArrayTypeAdapter$1
instanceKlass com/google/gson/internal/bind/DateTypeAdapter$1
instanceKlass java/util/concurrent/atomic/AtomicLongArray
instanceKlass com/google/gson/internal/bind/NumberTypeAdapter$1
instanceKlass com/google/gson/internal/bind/ObjectTypeAdapter$1
instanceKlass com/google/gson/internal/bind/TypeAdapters$29
instanceKlass com/google/gson/internal/bind/TypeAdapters$33
instanceKlass java/util/Currency
instanceKlass com/google/gson/internal/bind/TypeAdapters$34
instanceKlass java/util/concurrent/atomic/AtomicIntegerArray
instanceKlass java/util/concurrent/atomic/AtomicBoolean
instanceKlass com/google/gson/internal/bind/TypeAdapters$32
instanceKlass java/util/BitSet
instanceKlass com/google/gson/internal/bind/TypeAdapters$31
instanceKlass com/google/gson/internal/bind/TypeAdapters
instanceKlass com/google/gson/internal/ObjectConstructor
instanceKlass com/google/gson/internal/ConstructorConstructor
instanceKlass com/google/gson/internal/sql/SqlTimestampTypeAdapter$1
instanceKlass com/google/gson/internal/sql/SqlTimeTypeAdapter$1
instanceKlass com/google/gson/internal/sql/SqlDateTypeAdapter$1
instanceKlass com/google/gson/internal/bind/DefaultDateTypeAdapter$DateType
instanceKlass com/google/gson/internal/sql/SqlTypesSupport
instanceKlass net/thucydides/core/reports/json/gson/ClassTypeAdapter
instanceKlass net/thucydides/core/reports/json/gson/FileDeserializer
instanceKlass net/thucydides/core/reports/json/gson/FileSerializer
instanceKlass net/thucydides/core/reports/json/gson/ZonedDateTimeAdapter
instanceKlass net/thucydides/core/reports/json/gson/StackTraceElementDeserializer
instanceKlass net/thucydides/core/reports/json/gson/StackTraceElementSerializer
instanceKlass com/google/gson/internal/$Gson$Types
instanceKlass com/google/gson/reflect/TypeToken
instanceKlass com/google/gson/InstanceCreator
instanceKlass net/thucydides/core/reports/json/gson/InterfaceAdapter
instanceKlass net/thucydides/core/model/flags/Flag
instanceKlass com/google/gson/internal/bind/TreeTypeAdapter$SingleTypeFactory
instanceKlass com/google/gson/JsonDeserializationContext
instanceKlass com/google/gson/JsonSerializationContext
instanceKlass com/google/gson/JsonDeserializer
instanceKlass com/google/gson/internal/$Gson$Preconditions
instanceKlass net/thucydides/core/reports/json/gson/CollectionAdapter
instanceKlass com/google/gson/JsonSerializer
instanceKlass net/thucydides/core/reports/json/gson/OptionalTypeAdapter$1
instanceKlass com/google/gson/stream/JsonReader
instanceKlass com/google/gson/stream/JsonWriter
instanceKlass com/google/gson/ToNumberStrategy
instanceKlass com/google/gson/JsonElement
instanceKlass com/google/gson/TypeAdapter
instanceKlass com/google/gson/internal/Excluder
instanceKlass com/google/gson/TypeAdapterFactory
instanceKlass com/google/gson/FieldNamingStrategy
instanceKlass com/google/gson/GsonBuilder
instanceKlass java/io/FilenameFilter
instanceKlass net/thucydides/core/reports/json/JSONTestOutcomeReporter
instanceKlass net/thucydides/core/reports/AcceptanceTestReporter
instanceKlass net/serenitybdd/core/history/ClearDirectoryContents
instanceKlass net/serenitybdd/core/history/LeaveDirectoryContents
instanceKlass java/time/Instant
instanceKlass java/time/LocalTime
instanceKlass java/time/temporal/ValueRange
instanceKlass java/time/temporal/TemporalField
instanceKlass java/time/LocalDate
instanceKlass java/time/chrono/ChronoLocalDate
instanceKlass java/time/zone/ZoneOffsetTransition
instanceKlass java/time/LocalDateTime
instanceKlass java/time/chrono/ChronoLocalDateTime
instanceKlass java/time/zone/ZoneOffsetTransitionRule
instanceKlass java/time/zone/ZoneRules
instanceKlass java/time/zone/Ser
instanceKlass java/time/zone/ZoneRulesProvider$1
instanceKlass java/time/zone/ZoneRulesProvider
instanceKlass java/time/temporal/TemporalAdjuster
instanceKlass java/time/ZoneId
instanceKlass java/time/Clock
instanceKlass java/time/InstantSource
instanceKlass net/thucydides/core/model/TestOutcome$StepFilter
instanceKlass net/serenitybdd/core/photography/PhotoLens
instanceKlass net/thucydides/core/steps/BaseStepListener
instanceKlass net/thucydides/core/steps/Listeners$BaseStepListenerBuilder
instanceKlass net/thucydides/core/steps/Listeners
instanceKlass net/thucydides/junit/listeners/JUnitStepListenerBuilder
instanceKlass net/serenitybdd/core/eventbus/Broadcaster
instanceKlass net/bytebuddy/utility/dispatcher/JavaDispatcher$Dispatcher$ForInstanceCheck
instanceKlass net/bytebuddy/description/type/TypeDefinition$Sort$AnnotatedType
instanceKlass net/bytebuddy/description/type/TypeDescription$Generic$AnnotationReader
instanceKlass net/bytebuddy/description/type/TypeDescription$Generic$Visitor$ForRawType
instanceKlass net/bytebuddy/dynamic/loading/ClassInjector$UsingLookup$MethodHandles$Lookup
instanceKlass net/bytebuddy/utility/dispatcher/JavaDispatcher$Dispatcher$ForStaticMethod
instanceKlass net/bytebuddy/dynamic/loading/ClassInjector$UsingLookup$MethodHandles
instanceKlass net/bytebuddy/dynamic/loading/ClassInjector$AbstractBase
instanceKlass net/bytebuddy/dynamic/loading/ClassInjector
instanceKlass net/bytebuddy/dynamic/TargetType
instanceKlass net/bytebuddy/utility/dispatcher/JavaDispatcher$ProxiedInvocationHandler
instanceKlass javax/annotation/Nonnull
instanceKlass net/bytebuddy/utility/nullability/MaybeNull
instanceKlass net/bytebuddy/utility/dispatcher/JavaDispatcher$Dispatcher$ForNonStaticMethod
instanceKlass net/bytebuddy/utility/dispatcher/JavaDispatcher$IsConstructor
instanceKlass net/bytebuddy/utility/dispatcher/JavaDispatcher$IsStatic
instanceKlass net/bytebuddy/utility/dispatcher/JavaDispatcher$Container
instanceKlass net/bytebuddy/utility/dispatcher/JavaDispatcher$Instance
instanceKlass java/nio/channels/Channel
instanceKlass java/io/Console
instanceKlass net/bytebuddy/utility/dispatcher/JavaDispatcher$Defaults
instanceKlass net/bytebuddy/utility/Invoker$Dispatcher
instanceKlass net/bytebuddy/jar/asm/Attribute
instanceKlass net/bytebuddy/jar/asm/Handler
instanceKlass net/bytebuddy/jar/asm/Frame
instanceKlass net/bytebuddy/jar/asm/Type
instanceKlass net/bytebuddy/jar/asm/ByteVector
instanceKlass net/bytebuddy/jar/asm/Symbol
instanceKlass net/bytebuddy/jar/asm/SymbolTable
instanceKlass net/bytebuddy/jar/asm/MethodVisitor
instanceKlass net/bytebuddy/jar/asm/FieldVisitor
instanceKlass net/bytebuddy/jar/asm/ModuleVisitor
instanceKlass net/bytebuddy/jar/asm/AnnotationVisitor
instanceKlass net/bytebuddy/jar/asm/RecordComponentVisitor
instanceKlass net/bytebuddy/utility/Invoker
instanceKlass net/bytebuddy/utility/dispatcher/JavaDispatcher$InvokerCreationAction
instanceKlass net/bytebuddy/utility/dispatcher/JavaDispatcher$DynamicClassLoader$Resolver$ForModuleSystem
instanceKlass net/bytebuddy/utility/dispatcher/JavaDispatcher$DynamicClassLoader$Resolver
instanceKlass net/bytebuddy/utility/dispatcher/JavaDispatcher$Proxied
instanceKlass net/bytebuddy/utility/dispatcher/JavaDispatcher$Dispatcher
instanceKlass net/bytebuddy/utility/dispatcher/JavaDispatcher
instanceKlass net/bytebuddy/description/type/TypeDescription$ForLoadedType$Dispatcher
instanceKlass net/bytebuddy/description/field/FieldList
instanceKlass net/bytebuddy/description/type/RecordComponentList
instanceKlass net/bytebuddy/description/method/MethodList
instanceKlass net/bytebuddy/description/type/TypeList
instanceKlass net/bytebuddy/description/annotation/AnnotationList
instanceKlass net/bytebuddy/matcher/ElementMatcher$Junction$AbstractBase
instanceKlass net/bytebuddy/description/field/FieldDescription$InDefinedShape
instanceKlass net/bytebuddy/description/field/FieldDescription
instanceKlass net/bytebuddy/description/method/MethodDescription$InDefinedShape
instanceKlass net/bytebuddy/description/method/MethodDescription
instanceKlass net/bytebuddy/description/ByteCodeElement$TypeDependant
instanceKlass net/bytebuddy/description/NamedElement$WithGenericName
instanceKlass net/bytebuddy/description/DeclaredByType$WithMandatoryDeclaration
instanceKlass net/bytebuddy/matcher/ElementMatcher$Junction
instanceKlass net/bytebuddy/matcher/ElementMatchers
instanceKlass net/bytebuddy/matcher/LatentMatcher$Resolved
instanceKlass net/bytebuddy/jar/asm/ClassVisitor
instanceKlass net/bytebuddy/dynamic/scaffold/InstrumentedType$WithFlexibleName
instanceKlass net/bytebuddy/dynamic/scaffold/InstrumentedType
instanceKlass net/bytebuddy/implementation/LoadedTypeInitializer
instanceKlass net/bytebuddy/dynamic/scaffold/TypeInitializer
instanceKlass net/bytebuddy/implementation/bytecode/ByteCodeAppender
instanceKlass net/bytebuddy/description/ModifierReviewable$AbstractBase
instanceKlass net/bytebuddy/description/ModifierReviewable$ForParameterDescription
instanceKlass net/bytebuddy/description/ModifierReviewable$ForMethodDescription
instanceKlass net/bytebuddy/description/ModifierReviewable$ForFieldDescription
instanceKlass net/bytebuddy/description/type/TypeDescription$Generic
instanceKlass net/bytebuddy/dynamic/scaffold/MethodGraph$Linked
instanceKlass net/bytebuddy/dynamic/scaffold/MethodGraph
instanceKlass net/bytebuddy/description/type/TypeDescription$Generic$Visitor
instanceKlass net/bytebuddy/dynamic/scaffold/MethodGraph$Compiler$Default$Merger
instanceKlass net/bytebuddy/dynamic/scaffold/MethodGraph$Compiler$Default$Harmonizer
instanceKlass net/bytebuddy/dynamic/scaffold/MethodGraph$Compiler$AbstractBase
instanceKlass net/bytebuddy/dynamic/scaffold/MethodGraph$Compiler
instanceKlass net/bytebuddy/implementation/Implementation$Context$ExtractableView
instanceKlass net/bytebuddy/implementation/Implementation$Context
instanceKlass net/bytebuddy/implementation/MethodAccessorFactory
instanceKlass net/bytebuddy/implementation/attribute/AnnotationValueFilter
instanceKlass net/bytebuddy/utility/RandomString
instanceKlass java/lang/Process
instanceKlass net/bytebuddy/ClassFileVersion$VersionLocator$Resolved
instanceKlass net/bytebuddy/ClassFileVersion$VersionLocator
instanceKlass net/bytebuddy/ClassFileVersion
instanceKlass net/bytebuddy/utility/privilege/GetSystemPropertyAction
instanceKlass net/bytebuddy/dynamic/scaffold/ClassWriterStrategy
instanceKlass net/bytebuddy/dynamic/VisibilityBridgeStrategy
instanceKlass net/bytebuddy/dynamic/scaffold/InstrumentedType$Factory
instanceKlass net/bytebuddy/implementation/attribute/AnnotationValueFilter$Factory
instanceKlass net/bytebuddy/implementation/auxiliary/AuxiliaryType$NamingStrategy$SuffixingRandom
instanceKlass net/bytebuddy/implementation/Implementation$Context$Factory
instanceKlass net/bytebuddy/implementation/auxiliary/AuxiliaryType$NamingStrategy
instanceKlass net/bytebuddy/NamingStrategy$AbstractBase
instanceKlass net/bytebuddy/NamingStrategy
instanceKlass net/bytebuddy/NamingStrategy$Suffixing$BaseNameResolver
instanceKlass net/bytebuddy/matcher/LatentMatcher
instanceKlass net/bytebuddy/description/type/TypeList$Generic
instanceKlass net/bytebuddy/matcher/FilterableList
instanceKlass net/bytebuddy/description/type/TypeDescription
instanceKlass net/bytebuddy/description/TypeVariableSource
instanceKlass net/bytebuddy/description/ByteCodeElement
instanceKlass net/bytebuddy/description/DeclaredByType
instanceKlass net/bytebuddy/description/NamedElement$WithDescriptor
instanceKlass net/bytebuddy/description/type/TypeDefinition
instanceKlass net/bytebuddy/description/ModifierReviewable$ForTypeDefinition
instanceKlass net/bytebuddy/description/ModifierReviewable$OfEnumeration
instanceKlass net/bytebuddy/description/ModifierReviewable$OfAbstraction
instanceKlass net/bytebuddy/description/ModifierReviewable$OfByteCodeElement
instanceKlass net/bytebuddy/description/ModifierReviewable
instanceKlass net/bytebuddy/description/type/PackageDescription
instanceKlass net/bytebuddy/description/annotation/AnnotationSource
instanceKlass net/bytebuddy/description/NamedElement$WithRuntimeName
instanceKlass net/bytebuddy/description/NamedElement
instanceKlass net/bytebuddy/dynamic/scaffold/subclass/ConstructorStrategy
instanceKlass net/bytebuddy/ByteBuddy
instanceKlass net/thucydides/core/pages/Pages
instanceKlass net/bytebuddy/dynamic/loading/ClassLoadingStrategy
instanceKlass net/thucydides/core/steps/Interceptor
instanceKlass net/bytebuddy/dynamic/DynamicType$Builder
instanceKlass net/bytebuddy/implementation/Implementation
instanceKlass net/bytebuddy/dynamic/scaffold/InstrumentedType$Prepareable
instanceKlass net/bytebuddy/matcher/ElementMatcher
instanceKlass net/thucydides/core/steps/StepFactory
instanceKlass net/serenitybdd/core/SessionMap
instanceKlass net/serenitybdd/core/reports/WithTitle
instanceKlass net/serenitybdd/core/Serenity
instanceKlass org/apache/commons/lang3/CharSequenceUtils
instanceKlass net/thucydides/core/configuration/MavenBuildDirectory$3
instanceKlass net/thucydides/core/configuration/BuildDirectoryProvider
instanceKlass net/thucydides/core/configuration/MavenBuildDirectory
instanceKlass net/serenitybdd/core/strings/Joiner
instanceKlass net/thucydides/core/configuration/MavenOrGradleBuildPath
instanceKlass net/thucydides/core/steps/service/JUnitCleanupMethodAnnotationProvider
instanceKlass net/thucydides/core/steps/service/CleanupMethodAnnotationProvider
instanceKlass net/thucydides/core/steps/CleanupMethodLocator
instanceKlass net/serenitybdd/core/environment/ConfiguredEnvironment
instanceKlass io/cucumber/core/resource/ClassLoaders
instanceKlass net/thucydides/core/steps/StepEventBus
instanceKlass com/intellij/junit4/JUnitTestTreeNodeManager$TestNodePresentation
instanceKlass org/junit/runner/notification/RunNotifier$SafeNotifier
instanceKlass java/io/ObjectStreamClass$FieldReflector
instanceKlass java/io/ObjectStreamClass$FieldReflectorKey
instanceKlass java/io/ObjectInput
instanceKlass java/io/ObjectStreamClass$2
instanceKlass java/io/Externalizable
instanceKlass java/io/ClassCache
instanceKlass java/io/ObjectStreamClass$Caches
instanceKlass java/io/ObjectStreamClass
instanceKlass org/junit/runner/Result$SerializedForm
instanceKlass org/junit/runner/Result
instanceKlass org/junit/runner/notification/RunListener$ThreadSafe
instanceKlass org/junit/runner/notification/RunNotifier
instanceKlass org/junit/internal/JUnitSystem
instanceKlass org/junit/runner/JUnitCore
instanceKlass com/intellij/rt/execution/junit/MapSerializerUtil$1
instanceKlass com/intellij/rt/execution/junit/MapSerializerUtil$EscapeInfoProvider
instanceKlass com/intellij/rt/execution/junit/MapSerializerUtil
instanceKlass com/intellij/junit4/JUnit4ReflectionUtil
instanceKlass java/util/concurrent/ConcurrentLinkedQueue$Itr
instanceKlass java/util/regex/ASCII
instanceKlass org/junit/runner/OrderWith
instanceKlass net/serenitybdd/core/exceptions/CausesCompromisedTestFailure
instanceKlass net/serenitybdd/core/lifecycle/LifecycleRegister
instanceKlass net/thucydides/core/requirements/SerenityTestCaseFinder
instanceKlass net/thucydides/core/annotations/TestCaseAnnotations
instanceKlass com/sun/xml/bind/v2/runtime/NameList
instanceKlass com/sun/xml/bind/v2/runtime/unmarshaller/ChildLoader
instanceKlass com/sun/xml/bind/v2/runtime/property/ArrayERProperty$ReceiverImpl
instanceKlass com/sun/xml/bind/v2/runtime/unmarshaller/StructureLoader$1
instanceKlass com/sun/xml/bind/v2/runtime/property/UnmarshallerChain
instanceKlass org/w3c/dom/Node
instanceKlass javax/xml/bind/annotation/W3CDomHandler
instanceKlass javax/xml/bind/annotation/DomHandler
instanceKlass com/sun/xml/bind/v2/runtime/ElementBeanInfoImpl$1
instanceKlass com/sun/xml/bind/v2/runtime/unmarshaller/Intercepter
instanceKlass javax/xml/bind/JAXBElement
instanceKlass com/sun/xml/bind/v2/runtime/JaxBeanInfo$1
instanceKlass com/sun/xml/bind/v2/runtime/LifecycleMethods
instanceKlass com/sun/xml/bind/v2/runtime/property/TagAndType
instanceKlass com/sun/xml/bind/Util
instanceKlass com/sun/xml/bind/v2/ClassFactory
instanceKlass com/sun/xml/bind/v2/runtime/reflect/Utils$1
instanceKlass com/sun/xml/bind/v2/runtime/reflect/Utils
instanceKlass com/sun/xml/bind/v2/runtime/reflect/Lister$2
instanceKlass com/sun/xml/bind/v2/runtime/reflect/ListIterator
instanceKlass com/sun/xml/bind/v2/runtime/reflect/Lister
instanceKlass com/sun/xml/bind/v2/runtime/property/Utils$1
instanceKlass com/sun/xml/bind/v2/runtime/property/Utils
instanceKlass com/sun/xml/bind/v2/runtime/reflect/opt/OptimizedTransducedAccessorFactory
instanceKlass com/sun/xml/bind/v2/runtime/reflect/TransducedAccessor
instanceKlass com/sun/xml/bind/v2/runtime/reflect/opt/OptimizedAccessorFactory
instanceKlass com/sun/xml/bind/v2/runtime/Name
instanceKlass com/sun/xml/bind/v2/runtime/property/PropertyFactory$1
instanceKlass com/sun/xml/bind/v2/runtime/property/PropertyFactory
instanceKlass com/sun/xml/bind/v2/runtime/property/PropertyImpl
instanceKlass org/xml/sax/Locator
instanceKlass com/sun/xml/bind/v2/runtime/property/Property
instanceKlass com/sun/xml/bind/v2/runtime/property/StructureLoaderBuilder
instanceKlass com/sun/xml/bind/v2/runtime/unmarshaller/Loader
instanceKlass com/sun/xml/bind/v2/util/FlattenIterator
instanceKlass javax/xml/bind/annotation/XmlSeeAlso
instanceKlass com/sun/xml/bind/v2/TODO
instanceKlass java/util/AbstractList$Itr
instanceKlass com/sun/xml/bind/v2/model/nav/ReflectionNavigator$10
instanceKlass com/sun/xml/bind/v2/model/annotation/MethodLocatable
instanceKlass sun/reflect/generics/tree/VoidDescriptor
instanceKlass sun/reflect/generics/tree/MethodTypeSignature
instanceKlass com/sun/xml/bind/v2/model/nav/ReflectionNavigator$5
instanceKlass com/sun/xml/bind/v2/model/nav/ParameterizedTypeImpl
instanceKlass com/sun/xml/bind/v2/model/nav/ReflectionNavigator$BinderArg
instanceKlass javax/xml/bind/annotation/XmlElement$DEFAULT
instanceKlass com/sun/xml/bind/annotation/XmlLocation
instanceKlass javax/xml/bind/annotation/XmlSchemaTypes
instanceKlass javax/xml/bind/annotation/adapters/XmlJavaTypeAdapters
instanceKlass com/sun/xml/bind/v2/model/impl/Util
instanceKlass com/sun/xml/bind/v2/model/runtime/RuntimeTypeRef
instanceKlass com/sun/xml/bind/v2/model/impl/TypeRefImpl
instanceKlass com/sun/xml/bind/v2/model/core/TypeRef
instanceKlass com/sun/xml/bind/v2/model/impl/ClassInfoImpl$1
instanceKlass com/sun/xml/bind/v2/model/impl/FieldPropertySeed
instanceKlass com/sun/xml/bind/v2/model/impl/RuntimeClassInfoImpl$RuntimePropertySeed
instanceKlass java/lang/Short$ShortCache
instanceKlass java/lang/Character$CharacterCache
instanceKlass java/lang/Byte$ByteCache
instanceKlass com/sun/xml/bind/v2/model/nav/ReflectionNavigator$3
instanceKlass com/sun/xml/bind/v2/model/annotation/SecureLoader
instanceKlass com/sun/xml/bind/AccessorFactoryImpl
instanceKlass com/sun/xml/bind/InternalAccessorFactory
instanceKlass javax/xml/bind/annotation/XmlAccessorOrder
instanceKlass com/sun/xml/bind/api/impl/NameUtil
instanceKlass com/sun/xml/bind/api/impl/NameConverter
instanceKlass java/lang/Package$1PackageInfoProxy
instanceKlass com/sun/xml/bind/annotation/OverrideAnnotationOf
instanceKlass javax/xml/bind/annotation/XmlMixed
instanceKlass javax/xml/bind/annotation/XmlAnyElement
instanceKlass javax/xml/bind/annotation/XmlElements
instanceKlass javax/xml/bind/annotation/XmlAnyAttribute
instanceKlass javax/xml/bind/annotation/XmlList
instanceKlass javax/xml/bind/annotation/XmlElementWrapper
instanceKlass javax/xml/bind/annotation/XmlAttachmentRef
instanceKlass javax/xml/bind/annotation/XmlMimeType
instanceKlass javax/xml/bind/annotation/XmlInlineBinaryData
instanceKlass javax/xml/bind/annotation/XmlIDREF
instanceKlass javax/xml/bind/annotation/XmlID
instanceKlass javax/xml/bind/annotation/adapters/XmlJavaTypeAdapter
instanceKlass com/sun/xml/bind/v2/model/runtime/RuntimeMapPropertyInfo
instanceKlass com/sun/xml/bind/v2/model/core/MapPropertyInfo
instanceKlass com/sun/xml/bind/v2/model/runtime/RuntimeReferencePropertyInfo
instanceKlass com/sun/xml/bind/v2/model/runtime/RuntimeAttributePropertyInfo
instanceKlass com/sun/xml/bind/v2/model/core/AttributePropertyInfo
instanceKlass com/sun/xml/bind/AccessorFactory
instanceKlass com/sun/xml/bind/v2/runtime/reflect/Accessor
instanceKlass com/sun/xml/bind/v2/runtime/unmarshaller/Receiver
instanceKlass com/sun/xml/bind/v2/model/runtime/RuntimeValuePropertyInfo
instanceKlass com/sun/xml/bind/v2/model/runtime/RuntimeNonElementRef
instanceKlass com/sun/xml/bind/v2/model/core/ValuePropertyInfo
instanceKlass com/sun/xml/bind/v2/model/core/NonElementRef
instanceKlass com/sun/xml/bind/v2/model/runtime/RuntimeElementPropertyInfo
instanceKlass com/sun/xml/bind/v2/model/runtime/RuntimePropertyInfo
instanceKlass com/sun/xml/bind/v2/model/core/ElementPropertyInfo
instanceKlass com/sun/xml/bind/v2/model/impl/PropertySeed
instanceKlass com/sun/xml/bind/v2/model/impl/DummyPropertyInfo
instanceKlass com/sun/xml/bind/v2/model/core/ReferencePropertyInfo
instanceKlass com/sun/xml/bind/v2/model/impl/PropertyInfoImpl
instanceKlass com/sun/xml/bind/v2/model/core/PropertyInfo
instanceKlass com/sun/xml/bind/v2/model/annotation/AnnotationSource
instanceKlass javax/xml/bind/annotation/XmlValue
instanceKlass javax/xml/bind/annotation/XmlType
instanceKlass javax/xml/bind/annotation/XmlTransient
instanceKlass javax/xml/bind/annotation/XmlSchemaType
instanceKlass javax/xml/bind/annotation/XmlEnum
instanceKlass javax/xml/bind/annotation/XmlElementRefs
instanceKlass javax/xml/bind/annotation/XmlElementRef
instanceKlass javax/xml/bind/annotation/XmlElementDecl
instanceKlass javax/xml/bind/annotation/XmlElement
instanceKlass javax/xml/bind/annotation/XmlAttribute
instanceKlass com/sun/xml/bind/v2/model/annotation/Quick
instanceKlass com/sun/xml/bind/v2/model/annotation/Init
instanceKlass com/sun/xml/bind/v2/model/annotation/LocatableAnnotation
instanceKlass javax/xml/bind/annotation/XmlAccessorType
instanceKlass javax/xml/bind/annotation/XmlRootElement
instanceKlass javax/xml/bind/annotation/XmlRegistry
instanceKlass com/sun/xml/bind/v2/model/core/Ref
instanceKlass com/sun/xml/bind/api/CompositeStructure
instanceKlass com/sun/xml/bind/v2/runtime/IllegalAnnotationsException$Builder
instanceKlass com/sun/xml/bind/v2/runtime/RuntimeUtil
instanceKlass com/sun/xml/bind/v2/model/impl/AnyTypeImpl
instanceKlass com/sun/xml/bind/v2/model/impl/TypeInfoSetImpl$1
instanceKlass com/sun/xml/bind/v2/model/impl/RuntimeBuiltinLeafInfoImpl$28
instanceKlass java/util/UUID
instanceKlass javax/xml/datatype/Duration
instanceKlass javax/xml/namespace/NamespaceContext
instanceKlass javax/xml/datatype/XMLGregorianCalendar
instanceKlass javax/xml/transform/Source
instanceKlass javax/xml/transform/Result
instanceKlass javax/activation/DataHandler
instanceKlass java/awt/datatransfer/Transferable
instanceKlass javax/activation/DataSource
instanceKlass java/awt/Graphics
instanceKlass java/awt/Component
instanceKlass java/awt/MenuContainer
instanceKlass java/awt/image/ImageObserver
instanceKlass java/awt/Transparency
instanceKlass java/awt/image/WritableRenderedImage
instanceKlass java/awt/Image
instanceKlass com/sun/xml/bind/v2/runtime/output/Pcdata
instanceKlass javax/xml/bind/ValidationEvent
instanceKlass java/awt/image/RenderedImage
instanceKlass javax/xml/datatype/DatatypeConstants$Field
instanceKlass javax/xml/datatype/DatatypeConstants
instanceKlass javax/xml/namespace/QName
instanceKlass com/sun/xml/bind/v2/model/impl/RuntimeBuiltinLeafInfoImpl$1
instanceKlass com/sun/xml/bind/v2/model/impl/LeafInfoImpl
instanceKlass com/sun/xml/bind/v2/model/runtime/RuntimeBuiltinLeafInfo
instanceKlass com/sun/xml/bind/v2/model/core/BuiltinLeafInfo
instanceKlass com/sun/xml/bind/v2/model/impl/ModelBuilder$1
instanceKlass com/sun/xml/bind/v2/model/impl/Utils$1
instanceKlass com/sun/xml/bind/v2/model/nav/TypeVisitor
instanceKlass com/sun/xml/bind/v2/model/nav/ReflectionNavigator
instanceKlass com/sun/xml/bind/v2/model/nav/Navigator
instanceKlass com/sun/xml/bind/v2/model/impl/Utils
instanceKlass com/sun/xml/bind/WhiteSpaceProcessor
instanceKlass javax/xml/bind/annotation/XmlSchema
instanceKlass com/sun/xml/bind/v2/model/runtime/RuntimeElementInfo
instanceKlass com/sun/xml/bind/v2/model/core/ElementInfo
instanceKlass com/sun/xml/bind/v2/runtime/Transducer
instanceKlass com/sun/xml/bind/v2/model/runtime/RuntimeEnumLeafInfo
instanceKlass com/sun/xml/bind/v2/model/core/EnumLeafInfo
instanceKlass com/sun/xml/bind/v2/model/runtime/RuntimeTypeInfoSet
instanceKlass com/sun/xml/bind/v2/model/impl/TypeInfoSetImpl
instanceKlass com/sun/xml/bind/v2/model/runtime/RuntimeElement
instanceKlass com/sun/xml/bind/v2/model/runtime/RuntimeClassInfo
instanceKlass com/sun/xml/bind/v2/model/core/Element
instanceKlass com/sun/xml/bind/v2/model/core/ClassInfo
instanceKlass com/sun/xml/bind/v2/model/runtime/RuntimeArrayInfo
instanceKlass com/sun/xml/bind/v2/model/impl/TypeInfoImpl
instanceKlass com/sun/xml/bind/v2/runtime/Location
instanceKlass com/sun/xml/bind/v2/model/core/ArrayInfo
instanceKlass com/sun/xml/bind/v2/model/core/RegistryInfo
instanceKlass com/sun/xml/bind/v2/model/impl/ModelBuilder
instanceKlass com/sun/xml/bind/v2/model/impl/ModelBuilderI
instanceKlass com/sun/xml/bind/v2/runtime/NameBuilder
instanceKlass com/sun/istack/Pool$Impl
instanceKlass com/sun/xml/bind/v2/util/QNameMap$Entry
instanceKlass com/sun/xml/bind/v2/util/QNameMap
instanceKlass com/sun/xml/bind/v2/runtime/JAXBContextImpl$6
instanceKlass com/sun/xml/bind/v2/runtime/AttributeAccessor
instanceKlass com/sun/xml/bind/v2/model/core/ErrorHandler
instanceKlass javax/xml/bind/Binder
instanceKlass com/sun/xml/bind/unmarshaller/InfosetScanner
instanceKlass com/sun/xml/bind/api/ErrorListener
instanceKlass org/xml/sax/ErrorHandler
instanceKlass javax/xml/bind/Marshaller
instanceKlass javax/xml/bind/Unmarshaller
instanceKlass com/sun/xml/bind/v2/model/core/TypeInfoSet
instanceKlass com/sun/xml/bind/api/RawAccessor
instanceKlass com/sun/xml/bind/api/BridgeContext
instanceKlass javax/xml/bind/JAXBIntrospector
instanceKlass com/sun/xml/bind/v2/runtime/JaxBeanInfo
instanceKlass com/sun/xml/bind/api/Bridge
instanceKlass com/sun/xml/bind/v2/model/runtime/RuntimeLeafInfo
instanceKlass com/sun/xml/bind/v2/model/runtime/RuntimeNonElement
instanceKlass com/sun/xml/bind/v2/model/runtime/RuntimeTypeInfo
instanceKlass com/sun/xml/bind/v2/model/core/LeafInfo
instanceKlass com/sun/xml/bind/v2/model/core/MaybeElement
instanceKlass com/sun/xml/bind/v2/model/core/NonElement
instanceKlass com/sun/xml/bind/v2/model/core/TypeInfo
instanceKlass com/sun/xml/bind/v2/model/annotation/Locatable
instanceKlass com/sun/istack/Pool
instanceKlass com/sun/xml/bind/v2/model/annotation/AbstractInlineAnnotationReaderImpl
instanceKlass com/sun/xml/bind/v2/runtime/JAXBContextImpl$JAXBContextBuilder
instanceKlass com/sun/xml/bind/v2/util/TypeCast
instanceKlass com/sun/xml/bind/v2/model/annotation/RuntimeAnnotationReader
instanceKlass com/sun/xml/bind/v2/model/annotation/AnnotationReader
instanceKlass sun/security/util/ManifestEntryVerifier
instanceKlass com/sun/xml/bind/Utils
instanceKlass com/sun/xml/bind/v2/ContextFactory
instanceKlass javax/xml/bind/ModuleUtil
instanceKlass com/sun/xml/bind/v2/JAXBContextFactory
instanceKlass jdk/internal/misc/ScopedMemoryAccess$Scope
instanceKlass javax/xml/bind/ServiceLoaderUtil
instanceKlass javax/xml/bind/JAXBContextFactory
instanceKlass javax/xml/bind/GetPropertyAction
instanceKlass javax/xml/bind/ServiceLoaderUtil$ExceptionHandler
instanceKlass javax/xml/bind/ContextFinder
instanceKlass javax/xml/bind/JAXBContext
instanceKlass net/serenitybdd/junit/runners/RerunnableClass
instanceKlass net/serenitybdd/junit/runners/FailureRerunnerXml
instanceKlass net/serenitybdd/junit/runners/FailureDetectingStepListener
instanceKlass net/serenitybdd/core/tags/EnvironmentDefinedTags
instanceKlass net/thucydides/core/reports/html/CucumberCompatibleFilter
instanceKlass net/thucydides/core/tags/TagScanner
instanceKlass net/thucydides/core/annotations/Managed
instanceKlass java/util/stream/MatchOps$BooleanTerminalSink
instanceKlass java/util/stream/MatchOps$MatchOp
instanceKlass java/util/stream/MatchOps
instanceKlass java/util/HashMap$HashMapSpliterator
instanceKlass net/thucydides/core/annotations/Fields
instanceKlass net/thucydides/core/annotations/ManagedWebDriverAnnotatedField
instanceKlass net/serenitybdd/junit/runners/TestClassAnnotations
instanceKlass net/serenitybdd/junit/runners/TestConfiguration$TestConfigurationBuilder
instanceKlass net/serenitybdd/junit/runners/TestConfiguration
instanceKlass org/junit/After
instanceKlass org/junit/Assert
instanceKlass org/springframework/boot/context/properties/EnableConfigurationPropertiesRegistrar
instanceKlass org/springframework/context/annotation/ImportBeanDefinitionRegistrar
instanceKlass org/junit/validator/ValidateWith
instanceKlass org/junit/internal/runners/rules/RuleMemberValidator$MethodMustBeARule
instanceKlass org/junit/internal/runners/rules/RuleMemberValidator$MethodMustBeATestRule
instanceKlass org/junit/internal/runners/rules/RuleMemberValidator$FieldMustBeARule
instanceKlass org/junit/internal/runners/rules/RuleMemberValidator$MemberMustBeNonStaticOrAlsoClassRule
instanceKlass org/junit/Rule
instanceKlass org/junit/internal/runners/rules/RuleMemberValidator$FieldMustBeATestRule
instanceKlass org/junit/internal/runners/rules/RuleMemberValidator$MemberMustBePublic
instanceKlass org/junit/internal/runners/rules/RuleMemberValidator$MemberMustBeStatic
instanceKlass org/junit/internal/runners/rules/RuleMemberValidator$DeclaringClassMustBePublic
instanceKlass org/junit/ClassRule
instanceKlass org/junit/internal/runners/rules/RuleMemberValidator$Builder
instanceKlass org/junit/internal/runners/rules/RuleMemberValidator$RuleValidator
instanceKlass org/junit/internal/runners/rules/RuleMemberValidator
instanceKlass org/junit/AfterClass
instanceKlass jdk/internal/vm/annotation/IntrinsicCandidate
instanceKlass org/springframework/beans/factory/annotation/Autowired
instanceKlass net/thucydides/core/annotations/Steps
instanceKlass com/ae/network/api/auth/representation/resp/AuthResp
instanceKlass java/security/KeyPair
instanceKlass com/ae/network/client/Client
instanceKlass com/ae/network/api/tests/apiCentre/utility/DataDrivenLibrary
instanceKlass org/junit/BeforeClass
instanceKlass org/junit/Before
instanceKlass java/lang/Long$LongCache
instanceKlass org/junit/runners/model/TestClass$MethodComparator
instanceKlass org/junit/runners/model/TestClass$FieldComparator
instanceKlass org/junit/runners/model/FrameworkMember
instanceKlass org/junit/runners/model/TestClass
instanceKlass org/junit/runners/model/Annotatable
instanceKlass org/junit/runners/ParentRunner$1
instanceKlass net/thucydides/core/batches/SystemVariableBasedBatchManager
instanceKlass net/thucydides/core/webdriver/SerenityWebdriverManager
instanceKlass net/serenitybdd/core/environment/WebDriverConfiguredEnvironment
instanceKlass net/serenitybdd/core/environment/EnvironmentSpecificConfiguration$1
instanceKlass net/serenitybdd/core/environment/EnvironmentSpecificConfiguration
instanceKlass net/thucydides/core/webdriver/WebDriverFacade
instanceKlass org/openqa/selenium/HasAuthentication
instanceKlass org/openqa/selenium/interactions/Interactive
instanceKlass org/openqa/selenium/HasCapabilities
instanceKlass org/openqa/selenium/JavascriptExecutor
instanceKlass net/thucydides/core/webdriver/TimeoutStack
instanceKlass com/google/common/collect/AbstractMapBasedMultimap$AsMap$AsMapIterator
instanceKlass net/serenitybdd/core/di/WebDriverInjectors
instanceKlass net/thucydides/core/environment/TestLocalEnvironmentVariables
instanceKlass org/apache/commons/text/StringSubstitutor$Result
instanceKlass org/apache/commons/text/StringTokenizer
instanceKlass org/apache/commons/text/TextStringBuilder
instanceKlass org/apache/commons/text/Builder
instanceKlass org/apache/commons/lang3/Validate
instanceKlass org/apache/commons/text/lookup/AbstractStringLookup
instanceKlass org/apache/commons/text/lookup/BiStringLookup
instanceKlass org/apache/commons/text/lookup/StringLookup
instanceKlass org/apache/commons/text/lookup/StringLookupFactory
instanceKlass java/util/Random
instanceKlass java/util/random/RandomGenerator
instanceKlass org/apache/commons/lang3/ArrayUtils
instanceKlass java/util/DualPivotQuicksort
instanceKlass org/apache/commons/text/matcher/AbstractStringMatcher
instanceKlass org/apache/commons/text/matcher/StringMatcher
instanceKlass org/apache/commons/text/matcher/StringMatcherFactory
instanceKlass org/apache/commons/text/StringSubstitutor
instanceKlass net/thucydides/core/util/PropertiesUtil
instanceKlass com/typesafe/config/ConfigRenderOptions
instanceKlass java/util/ComparableTimSort
instanceKlass com/typesafe/config/impl/ResolveResult
instanceKlass com/typesafe/config/impl/MemoKey
instanceKlass com/typesafe/config/impl/BadMap$Entry
instanceKlass com/typesafe/config/impl/BadMap
instanceKlass com/typesafe/config/impl/ResolveMemos
instanceKlass com/typesafe/config/impl/ResolveSource
instanceKlass com/typesafe/config/impl/ResolveContext
instanceKlass com/typesafe/config/impl/ConfigImpl$2
instanceKlass com/typesafe/config/impl/ConfigImpl$LoaderCache
instanceKlass com/typesafe/config/impl/ConfigImpl$LoaderCacheHolder
instanceKlass com/typesafe/config/impl/ConfigImpl$1
instanceKlass com/typesafe/config/impl/ConfigParser$ParseContext
instanceKlass com/typesafe/config/impl/ConfigParser
instanceKlass com/typesafe/config/impl/PathParser$Element
instanceKlass com/typesafe/config/impl/PathParser
instanceKlass com/typesafe/config/impl/AbstractConfigNode
instanceKlass com/typesafe/config/parser/ConfigNode
instanceKlass com/typesafe/config/impl/ConfigDocumentParser$ParseContext
instanceKlass com/typesafe/config/impl/ConfigDocumentParser
instanceKlass com/typesafe/config/impl/Tokenizer$TokenIterator$WhitespaceSaver
instanceKlass com/typesafe/config/impl/Token
instanceKlass com/typesafe/config/impl/Tokens
instanceKlass com/typesafe/config/impl/Tokenizer$TokenIterator
instanceKlass com/typesafe/config/impl/Tokenizer
instanceKlass java/text/DontCareFieldPosition$1
instanceKlass java/text/Format$FieldDelegate
instanceKlass java/text/DigitList
instanceKlass java/text/FieldPosition
instanceKlass java/lang/StringUTF16$CharsSpliterator
instanceKlass java/util/stream/Sink$ChainedInt
instanceKlass java/util/OptionalInt
instanceKlass java/util/stream/Sink$OfInt
instanceKlass java/util/function/IntConsumer
instanceKlass java/util/function/IntPredicate
instanceKlass java/util/stream/IntStream
instanceKlass java/lang/StringLatin1$CharsSpliterator
instanceKlass java/text/DecimalFormatSymbols
instanceKlass java/text/DateFormatSymbols
instanceKlass sun/util/calendar/CalendarUtils
instanceKlass sun/util/calendar/CalendarDate
instanceKlass sun/util/resources/Bundles$CacheKeyReference
instanceKlass java/util/ResourceBundle$ResourceBundleProviderHelper
instanceKlass sun/util/resources/Bundles$CacheKey
instanceKlass java/util/ResourceBundle$1
instanceKlass jdk/internal/access/JavaUtilResourceBundleAccess
instanceKlass sun/util/resources/Bundles
instanceKlass sun/util/resources/LocaleData$LocaleDataStrategy
instanceKlass sun/util/resources/Bundles$Strategy
instanceKlass sun/util/resources/LocaleData$1
instanceKlass sun/util/resources/LocaleData
instanceKlass sun/util/locale/provider/LocaleResources
instanceKlass java/util/ResourceBundle
instanceKlass java/util/ResourceBundle$Control
instanceKlass sun/util/locale/provider/CalendarDataUtility$CalendarWeekParameterGetter
instanceKlass sun/util/locale/provider/LocaleServiceProviderPool$LocalizedObjectGetter
instanceKlass sun/util/locale/provider/LocaleServiceProviderPool
instanceKlass java/util/Locale$Builder
instanceKlass sun/util/locale/provider/CalendarDataUtility
instanceKlass java/util/Calendar$Builder
instanceKlass sun/util/locale/provider/AvailableLanguageTags
instanceKlass sun/util/resources/cldr/provider/CLDRLocaleDataMetaInfo
instanceKlass jdk/internal/module/ModulePatcher$PatchedModuleReader
instanceKlass sun/util/locale/LocaleObjectCache
instanceKlass sun/util/locale/BaseLocale$Key
instanceKlass sun/util/locale/InternalLocaleBuilder$CaseInsensitiveChar
instanceKlass sun/util/locale/InternalLocaleBuilder
instanceKlass sun/util/locale/StringTokenIterator
instanceKlass sun/util/locale/ParseStatus
instanceKlass sun/util/locale/LanguageTag
instanceKlass sun/util/cldr/CLDRBaseLocaleDataMetaInfo
instanceKlass sun/util/locale/provider/LocaleDataMetaInfo
instanceKlass sun/util/locale/provider/ResourceBundleBasedAdapter
instanceKlass sun/util/locale/provider/LocaleProviderAdapter$1
instanceKlass sun/util/locale/provider/LocaleProviderAdapter
instanceKlass java/util/spi/LocaleServiceProvider
instanceKlass sun/util/calendar/ZoneInfoFile$ZoneOffsetTransitionRule
instanceKlass sun/util/calendar/ZoneInfoFile$1
instanceKlass sun/util/calendar/ZoneInfoFile
instanceKlass java/util/TimeZone
instanceKlass java/util/Calendar
instanceKlass java/text/AttributedCharacterIterator$Attribute
instanceKlass sun/util/calendar/CalendarSystem$GregorianHolder
instanceKlass sun/util/calendar/CalendarSystem
instanceKlass java/util/Date
instanceKlass sun/net/www/MimeEntry
instanceKlass sun/net/www/MimeTable$DefaultInstanceHolder$1
instanceKlass sun/net/www/MimeTable$DefaultInstanceHolder
instanceKlass sun/net/www/MimeTable$1
instanceKlass sun/net/www/MimeTable
instanceKlass java/net/URLConnection$1
instanceKlass java/net/FileNameMap
instanceKlass sun/net/DefaultProgressMeteringPolicy
instanceKlass sun/net/ProgressMeteringPolicy
instanceKlass sun/net/ProgressMonitor
instanceKlass com/typesafe/config/impl/Parseable$3
instanceKlass com/typesafe/config/impl/ConfigImpl$ClasspathNameSource
instanceKlass com/typesafe/config/ConfigResolveOptions$1
instanceKlass com/typesafe/config/ConfigResolver
instanceKlass com/typesafe/config/ConfigResolveOptions
instanceKlass java/lang/Character$Subset
instanceKlass org/apache/commons/lang3/StringUtils
instanceKlass java/util/regex/IntHashSet
instanceKlass java/util/regex/Matcher
instanceKlass java/util/regex/MatchResult
instanceKlass com/typesafe/config/impl/PropertiesParser$1
instanceKlass java/io/ObjectStreamConstants
instanceKlass java/io/ObjectOutput
instanceKlass com/typesafe/config/impl/ConfigImplUtil
instanceKlass com/typesafe/config/impl/PathBuilder
instanceKlass com/typesafe/config/impl/Path
instanceKlass com/typesafe/config/impl/PropertiesParser
instanceKlass com/typesafe/config/impl/ConfigImpl$DebugHolder
instanceKlass com/typesafe/config/impl/SimpleIncludeContext
instanceKlass com/typesafe/config/impl/SimpleIncluder
instanceKlass com/typesafe/config/impl/FullIncluder
instanceKlass com/typesafe/config/ConfigIncluderClasspath
instanceKlass com/typesafe/config/ConfigIncluderURL
instanceKlass com/typesafe/config/ConfigIncluderFile
instanceKlass com/typesafe/config/impl/ConfigImpl$DefaultIncluderHolder
instanceKlass com/typesafe/config/parser/ConfigDocument
instanceKlass com/typesafe/config/ConfigIncluder
instanceKlass com/typesafe/config/ConfigIncludeContext
instanceKlass com/typesafe/config/impl/Parseable$Relativizer
instanceKlass com/typesafe/config/impl/Parseable
instanceKlass com/typesafe/config/ConfigParseable
instanceKlass com/typesafe/config/ConfigParseOptions
instanceKlass com/typesafe/config/impl/ConfigImpl$SystemPropertiesHolder
instanceKlass com/typesafe/config/impl/SimpleConfig
instanceKlass com/typesafe/config/impl/AbstractConfigValue$NoExceptionsModifier
instanceKlass com/typesafe/config/impl/AbstractConfigValue$Modifier
instanceKlass com/typesafe/config/impl/ReplaceableMergeStack
instanceKlass com/typesafe/config/impl/Unmergeable
instanceKlass com/typesafe/config/impl/SimpleConfigOrigin
instanceKlass com/typesafe/config/ConfigList
instanceKlass com/typesafe/config/impl/AbstractConfigValue
instanceKlass com/typesafe/config/impl/MergeableValue
instanceKlass com/typesafe/config/impl/Container
instanceKlass com/typesafe/config/ConfigObject
instanceKlass com/typesafe/config/ConfigValue
instanceKlass com/typesafe/config/Config
instanceKlass com/typesafe/config/impl/SimpleIncluder$NameSource
instanceKlass com/typesafe/config/ConfigOrigin
instanceKlass com/typesafe/config/impl/ConfigImpl
instanceKlass com/typesafe/config/ConfigLoadingStrategy
instanceKlass com/typesafe/config/ConfigMergeable
instanceKlass java/util/concurrent/Callable
instanceKlass com/typesafe/config/ConfigFactory
instanceKlass net/thucydides/core/util/PropertiesFileLocalPreferences
instanceKlass java/util/Collections$UnmodifiableMap$UnmodifiableEntrySet$UnmodifiableEntry
instanceKlass java/util/Collections$UnmodifiableMap$UnmodifiableEntrySet$1
instanceKlass net/serenitybdd/core/collect/NewMap
instanceKlass java/lang/ProcessEnvironment$CheckedEntry
instanceKlass java/lang/ProcessEnvironment$CheckedEntrySet$1
instanceKlass java/lang/ProcessEnvironment$EntryComparator
instanceKlass java/lang/ProcessEnvironment$NameComparator
instanceKlass net/thucydides/core/util/LocalPreferences
instanceKlass net/thucydides/core/environment/SystemEnvironmentVariables
instanceKlass net/thucydides/core/webdriver/ThucydidesWebDriverSupport
instanceKlass net/thucydides/core/configuration/WebDriverConfiguration$$FastClassByGuice$$22684688
instanceKlass net/serenitybdd/core/annotations/findby/di/ClasspathCustomFindByAnnotationProviderService$$FastClassByGuice$$21443779
instanceKlass net/thucydides/core/fixtureservices/ClasspathFixtureProviderService$$FastClassByGuice$$20876910
instanceKlass net/thucydides/core/webdriver/WebdriverCloseBrowser$$FastClassByGuice$$19615796
instanceKlass net/thucydides/core/webdriver/PeriodicRestart
instanceKlass net/thucydides/core/annotations/locators/SmartWidgetProxyCreator$$FastClassByGuice$$18619547
instanceKlass net/serenitybdd/core/pages/WidgetObject
instanceKlass net/serenitybdd/core/pages/WebElementFacade
instanceKlass net/thucydides/core/webdriver/ConfigurableTimeouts
instanceKlass org/openqa/selenium/interactions/Locatable
instanceKlass net/serenitybdd/core/pages/WebElementState
instanceKlass org/openqa/selenium/WrapsElement
instanceKlass org/openqa/selenium/WebElement
instanceKlass org/openqa/selenium/TakesScreenshot
instanceKlass net/thucydides/core/annotations/locators/SmartElementProxyCreator$$FastClassByGuice$$17603231
instanceKlass net/thucydides/core/webdriver/ElementLocatorFactorySelector
instanceKlass org/openqa/selenium/WebDriver
instanceKlass org/openqa/selenium/SearchContext
instanceKlass net/serenitybdd/core/pages/PageObject
instanceKlass org/openqa/selenium/support/pagefactory/FieldDecorator
instanceKlass net/serenitybdd/core/history/FileSystemTestOutcomeSummaryRecorder$$FastClassByGuice$$15994297
instanceKlass net/serenitybdd/core/history/PrepareHistoryDirectory
instanceKlass net/thucydides/core/reports/json/gson/GsonPreviousOutcomeConverter
instanceKlass net/thucydides/core/reports/AcceptanceTestLoader
instanceKlass net/serenitybdd/core/history/HistoricalFlagProvider$$FastClassByGuice$$14738928
instanceKlass net/serenitybdd/core/history/PreviousTestOutcome
instanceKlass net/thucydides/core/statistics/AtomicTestCount$$FastClassByGuice$$14250815
instanceKlass net/serenitybdd/core/buildinfo/PropertyBasedDriverCapabilityRecord$$FastClassByGuice$$13558417
instanceKlass java/nio/file/DirectoryStream
instanceKlass net/thucydides/core/logging/ConsoleLoggingListener$$FastClassByGuice$$12271730
instanceKlass net/thucydides/core/model/DataTable
instanceKlass net/thucydides/core/steps/StepFailure
instanceKlass net/thucydides/core/model/Story
instanceKlass net/thucydides/core/steps/ExecutedStepDescription
instanceKlass net/thucydides/core/logging/ConsoleColors
instanceKlass net/thucydides/core/logging/ConsoleHeading
instanceKlass net/thucydides/core/model/failures/FailureAnalysis
instanceKlass net/thucydides/core/steps/di/ClasspathDependencyInjectorService$$FastClassByGuice$$11127133
instanceKlass net/thucydides/core/requirements/MultiSourceRequirementsService$$FastClassByGuice$$9654109
instanceKlass net/thucydides/core/requirements/RequirementsTagProvider
instanceKlass net/thucydides/core/statistics/service/TagProvider
instanceKlass net/thucydides/core/requirements/model/Requirement
instanceKlass net/thucydides/core/model/TestTag
instanceKlass net/thucydides/core/releases/ReleaseManager
instanceKlass net/thucydides/core/requirements/ClasspathRequirementsProviderService$$FastClassByGuice$$8528235
instanceKlass net/thucydides/core/statistics/service/ClasspathTagProviderService$$FastClassByGuice$$7982896
instanceKlass net/thucydides/core/statistics/service/TagProviderStrategy
instanceKlass net/thucydides/core/statistics/service/TagProviderFilter
instanceKlass net/thucydides/core/reports/json/gson/GsonJSONConverter$$FastClassByGuice$$6997127
instanceKlass com/google/gson/Gson
instanceKlass net/thucydides/core/reports/remoteTesting/RemoteTestingLinkManager$$FastClassByGuice$$5947522
instanceKlass net/thucydides/core/model/TestOutcome
instanceKlass net/thucydides/core/batches/BatchManagerProvider$$FastClassByGuice$$4408781
instanceKlass net/thucydides/core/issues/SystemPropertiesIssueTracking$$FastClassByGuice$$3360544
instanceKlass net/thucydides/core/configuration/SystemPropertiesConfiguration$$FastClassByGuice$$2443988
instanceKlass java/lang/Deprecated
instanceKlass net/thucydides/core/configuration/FilePathParser
instanceKlass com/google/inject/internal/Nullability
instanceKlass com/google/inject/internal/DefaultConstructionProxyFactory$FastClassProxy
instanceKlass net/serenitybdd/core/time/InternalSystemClock$$FastClassByGuice$$1704966
instanceKlass com/google/inject/internal/DefaultConstructionProxyFactory
instanceKlass com/google/inject/internal/ConstructorInjector
instanceKlass com/google/inject/internal/ConstructionProxy
instanceKlass com/google/inject/internal/ProxyFactory
instanceKlass com/google/common/collect/TransformedIterator
instanceKlass com/google/inject/spi/InterceptorBinding
instanceKlass com/google/inject/internal/MethodAspect
instanceKlass com/google/inject/internal/MembersInjectorImpl
instanceKlass com/google/inject/internal/EncounterImpl
instanceKlass java/time/ZonedDateTime
instanceKlass java/time/chrono/ChronoZonedDateTime
instanceKlass java/time/temporal/Temporal
instanceKlass java/time/temporal/TemporalAccessor
instanceKlass com/google/inject/internal/ConstructorBindingImpl$Factory
instanceKlass com/google/common/collect/Iterables
instanceKlass java/util/stream/ForEachOps$ForEachOp
instanceKlass java/util/stream/ForEachOps
instanceKlass com/google/inject/ProvidedBy
instanceKlass com/google/inject/ImplementedBy
instanceKlass com/google/inject/internal/InjectorImpl$1
instanceKlass com/google/inject/internal/BindingProcessor$2
instanceKlass com/google/inject/spi/ProvidesMethodTargetVisitor
instanceKlass com/google/common/cache/LocalCache$AbstractReferenceEntry
instanceKlass com/google/inject/internal/ProvisionListenerCallbackStore$KeyBinding
instanceKlass com/google/inject/internal/ProviderInternalFactory
instanceKlass com/google/inject/internal/InternalFactoryToProviderAdapter
instanceKlass com/google/inject/internal/CycleDetectingLock$CycleDetectingLockFactory$ReentrantCycleDetectingLock
instanceKlass com/google/inject/internal/SingletonScope$1
instanceKlass com/google/inject/internal/ProviderToInternalFactoryAdapter
instanceKlass com/google/inject/internal/FactoryProxy
instanceKlass com/google/inject/internal/util/Classes
instanceKlass com/google/inject/spi/ExposedBinding
instanceKlass com/google/inject/internal/CreationListener
instanceKlass com/google/inject/internal/InjectorShell$LoggerFactory
instanceKlass com/google/inject/internal/InjectorShell$InjectorFactory
instanceKlass com/google/inject/internal/Initializables$1
instanceKlass com/google/inject/internal/Initializables
instanceKlass com/google/inject/internal/ConstantFactory
instanceKlass com/google/inject/internal/InjectorShell
instanceKlass jdk/internal/reflect/ClassDefiner$1
instanceKlass jdk/internal/reflect/ClassDefiner
instanceKlass jdk/internal/reflect/MethodAccessorGenerator$1
instanceKlass jdk/internal/reflect/Label$PatchInfo
instanceKlass jdk/internal/reflect/Label
instanceKlass jdk/internal/reflect/UTF8
instanceKlass jdk/internal/reflect/ClassFileAssembler
instanceKlass jdk/internal/reflect/ByteVectorImpl
instanceKlass jdk/internal/reflect/ByteVector
instanceKlass jdk/internal/reflect/ByteVectorFactory
instanceKlass jdk/internal/reflect/AccessorGenerator
instanceKlass jdk/internal/reflect/ClassFileConstants
instanceKlass com/google/inject/internal/ProvisionListenerCallbackStore
instanceKlass com/google/inject/spi/TypeEncounter
instanceKlass com/google/inject/internal/SingleMemberInjector
instanceKlass com/google/inject/internal/MembersInjectorStore
instanceKlass com/google/inject/internal/TypeConverterBindingProcessor$4
instanceKlass com/google/inject/internal/TypeConverterBindingProcessor$2
instanceKlass com/google/inject/internal/TypeConverterBindingProcessor$1
instanceKlass com/google/inject/spi/TypeConverterBinding
instanceKlass com/google/inject/matcher/AbstractMatcher
instanceKlass com/google/inject/matcher/Matchers
instanceKlass com/google/inject/internal/TypeConverterBindingProcessor$5
instanceKlass com/google/inject/internal/ConstructionProxyFactory
instanceKlass com/google/inject/internal/FailableCache
instanceKlass com/google/inject/internal/ConstructorInjectorStore
instanceKlass com/google/inject/internal/DeferredLookups
instanceKlass com/google/inject/spi/ConvertedConstantBinding
instanceKlass com/google/inject/spi/ProviderBinding
instanceKlass com/google/inject/internal/InjectorImpl$InjectorOptions
instanceKlass com/google/inject/internal/GuiceInternal
instanceKlass com/google/inject/internal/util/StackTraceElements$InMemoryStackTraceElement
instanceKlass com/google/inject/internal/util/StackTraceElements
instanceKlass com/google/inject/internal/SingleParameterInjector
instanceKlass com/google/inject/internal/ConstructionContext
instanceKlass com/google/inject/internal/InjectorImpl
instanceKlass com/google/inject/internal/Lookups
instanceKlass com/google/inject/spi/Dependency
instanceKlass com/google/inject/internal/InternalContext
instanceKlass com/google/inject/Inject
instanceKlass javax/inject/Inject
instanceKlass com/google/inject/internal/ProvisionListenerStackCallback
instanceKlass com/google/inject/util/Types
instanceKlass com/google/inject/internal/MoreTypes$ParameterizedTypeImpl
instanceKlass com/google/inject/internal/MoreTypes$CompositeType
instanceKlass sun/reflect/misc/ReflectUtil
instanceKlass sun/reflect/generics/reflectiveObjects/ParameterizedTypeImpl
instanceKlass sun/reflect/generics/reflectiveObjects/LazyReflectiveObjectGenerator
instanceKlass sun/reflect/generics/tree/TypeVariableSignature
instanceKlass com/google/inject/spi/InjectionPoint$InjectableMembers
instanceKlass com/google/common/collect/AbstractMapBasedMultimap$WrappedCollection$WrappedIterator
instanceKlass com/google/inject/internal/ProviderMethodsModule$Signature
instanceKlass com/google/inject/spi/ProvisionListener
instanceKlass com/google/inject/spi/TypeListener
instanceKlass com/google/inject/spi/TypeConverter
instanceKlass org/aopalliance/intercept/MethodInterceptor
instanceKlass org/aopalliance/intercept/Interceptor
instanceKlass org/aopalliance/aop/Advice
instanceKlass com/google/inject/matcher/Matcher
instanceKlass com/google/inject/MembersInjector
instanceKlass com/google/inject/spi/Message
instanceKlass com/google/inject/internal/ProviderMethodsModule$MethodAndAnnotation
instanceKlass com/google/inject/Exposed
instanceKlass com/google/inject/internal/aop/ImmutableStringTrie
instanceKlass java/util/function/ToIntFunction
instanceKlass net/thucydides/core/guice/ThucydidesModule$$FastClassByGuice$$51089
instanceKlass com/google/inject/internal/aop/GeneratedClassDefiner
instanceKlass com/google/inject/internal/aop/UnsafeClassDefiner$ClassLoaderDefineClassHolder
instanceKlass com/google/inject/internal/asm/$Handler
instanceKlass com/google/inject/internal/asm/$Attribute
instanceKlass com/google/inject/internal/aop/BytecodeTasks
instanceKlass com/google/inject/internal/asm/$Handle
instanceKlass com/google/inject/internal/asm/$Label
instanceKlass com/google/inject/internal/asm/$Frame
instanceKlass com/google/inject/internal/asm/$ByteVector
instanceKlass com/google/inject/internal/asm/$Symbol
instanceKlass com/google/inject/internal/asm/$SymbolTable
instanceKlass com/google/inject/internal/asm/$MethodVisitor
instanceKlass com/google/inject/internal/asm/$FieldVisitor
instanceKlass com/google/inject/internal/asm/$ModuleVisitor
instanceKlass com/google/inject/internal/asm/$AnnotationVisitor
instanceKlass com/google/inject/internal/asm/$RecordComponentVisitor
instanceKlass com/google/inject/internal/asm/$ClassVisitor
instanceKlass com/google/inject/internal/aop/AbstractGlueGenerator
instanceKlass com/google/inject/internal/asm/$Type
instanceKlass jdk/internal/vm/annotation/ForceInline
instanceKlass com/google/inject/internal/aop/HiddenClassDefiner
instanceKlass com/google/inject/internal/aop/AnonymousClassDefiner
instanceKlass com/google/inject/internal/aop/UnsafeClassDefiner
instanceKlass com/google/inject/internal/aop/ClassDefining$ClassDefinerHolder
instanceKlass com/google/inject/internal/aop/ClassDefiner
instanceKlass com/google/inject/internal/aop/ClassDefining
instanceKlass com/google/inject/internal/BytecodeGen$EnhancerBuilder
instanceKlass com/google/inject/internal/aop/ClassBuilding
instanceKlass com/google/common/collect/MapMakerInternalMap$WeakKeyStrongValueEntry$Helper
instanceKlass com/google/common/collect/MapMakerInternalMap$InternalEntry
instanceKlass com/google/common/collect/MapMakerInternalMap$1
instanceKlass com/google/common/collect/MapMakerInternalMap$InternalEntryHelper
instanceKlass com/google/common/collect/MapMakerInternalMap$WeakValueReference
instanceKlass com/google/common/collect/MapMaker
instanceKlass com/google/inject/internal/BytecodeGen
instanceKlass com/google/inject/internal/ProvisionListenerStackCallback$ProvisionCallback
instanceKlass com/google/inject/internal/InternalProviderInstanceBindingImpl$Factory
instanceKlass com/google/inject/spi/ProviderWithExtensionVisitor
instanceKlass com/google/inject/spi/ProvidesMethodBinding
instanceKlass com/google/inject/internal/ProvidesMethodScanner$AnnotationOrError
instanceKlass com/google/inject/multibindings/MapKey
instanceKlass java/lang/reflect/WildcardType
instanceKlass java/lang/reflect/ParameterizedType
instanceKlass java/lang/reflect/TypeVariable
instanceKlass com/google/common/collect/ObjectArrays
instanceKlass com/google/inject/internal/KotlinSupport$KotlinUnsupported
instanceKlass com/google/inject/internal/KotlinSupport$KotlinSupportHolder
instanceKlass com/google/inject/internal/KotlinSupportInterface
instanceKlass com/google/inject/internal/KotlinSupport
instanceKlass com/google/inject/spi/InjectionPoint$InjectableMember
instanceKlass com/google/inject/spi/InjectionPoint
instanceKlass net/thucydides/core/util/EnvironmentVariables
instanceKlass net/serenitybdd/core/annotations/findby/di/ClasspathCustomFindByAnnotationProviderService
instanceKlass net/serenitybdd/core/annotations/findby/di/CustomFindByAnnotationProviderService
instanceKlass net/thucydides/core/fixtureservices/ClasspathFixtureProviderService
instanceKlass net/thucydides/core/fixtureservices/FixtureProviderService
instanceKlass net/thucydides/core/webdriver/WebdriverCloseBrowser
instanceKlass net/thucydides/core/webdriver/CloseBrowser
instanceKlass net/thucydides/core/annotations/locators/SmartWidgetProxyCreator
instanceKlass net/thucydides/core/webdriver/WidgetProxyCreator
instanceKlass net/thucydides/core/annotations/locators/SmartElementProxyCreator
instanceKlass net/thucydides/core/webdriver/ElementProxyCreator
instanceKlass net/serenitybdd/core/history/FileSystemTestOutcomeSummaryRecorder
instanceKlass net/serenitybdd/core/history/TestOutcomeSummaryRecorder
instanceKlass net/serenitybdd/core/history/HistoricalFlagProvider
instanceKlass net/thucydides/core/model/flags/FlagProvider
instanceKlass net/thucydides/core/statistics/AtomicTestCount
instanceKlass net/thucydides/core/statistics/TestCount
instanceKlass net/serenitybdd/core/buildinfo/PropertyBasedDriverCapabilityRecord
instanceKlass net/serenitybdd/core/buildinfo/DriverCapabilityRecord
instanceKlass net/thucydides/core/logging/ConsoleLoggingListener
instanceKlass com/google/inject/Key$AnnotationTypeStrategy
instanceKlass com/google/common/cache/LocalCache$StrongValueReference
instanceKlass com/google/common/util/concurrent/AbstractFuture$Failure
instanceKlass com/google/common/util/concurrent/AbstractFuture$Cancellation
instanceKlass com/google/common/util/concurrent/AbstractFuture$SetFuture
instanceKlass com/google/common/util/concurrent/Uninterruptibles
instanceKlass com/google/common/util/concurrent/AbstractFuture$Waiter
instanceKlass com/google/common/util/concurrent/AbstractFuture$Listener
instanceKlass jdk/internal/reflect/UnsafeFieldAccessorFactory
instanceKlass com/google/common/util/concurrent/AbstractFuture$UnsafeAtomicHelper$1
instanceKlass sun/misc/Unsafe
instanceKlass java/util/concurrent/Executor
instanceKlass com/google/common/util/concurrent/AbstractFuture$AtomicHelper
instanceKlass com/google/common/util/concurrent/internal/InternalFutureFailureAccess
instanceKlass com/google/common/util/concurrent/AbstractFuture$Trusted
instanceKlass com/google/common/util/concurrent/ListenableFuture
instanceKlass javax/inject/Named
instanceKlass javax/inject/Qualifier
instanceKlass com/google/inject/BindingAnnotation
instanceKlass javax/inject/Scope
instanceKlass com/google/inject/ScopeAnnotation
instanceKlass com/google/inject/internal/Annotations$AnnotationChecker
instanceKlass com/google/inject/internal/Annotations$TestAnnotation
instanceKlass com/google/inject/internal/Annotations$AnnotationToStringConfig
instanceKlass com/google/common/base/Joiner$MapJoiner
instanceKlass com/google/common/base/Joiner
instanceKlass com/google/inject/internal/Annotations
instanceKlass net/thucydides/core/logging/ThucydidesLogging
instanceKlass net/thucydides/core/steps/di/ClasspathDependencyInjectorService
instanceKlass net/thucydides/core/steps/di/DependencyInjectorService
instanceKlass net/thucydides/core/requirements/BaseRequirementsService
instanceKlass net/thucydides/core/requirements/RequirementsService
instanceKlass net/thucydides/core/requirements/ParentRequirementProvider
instanceKlass net/thucydides/core/requirements/ClasspathRequirementsProviderService
instanceKlass net/thucydides/core/requirements/RequirementsProviderService
instanceKlass net/thucydides/core/statistics/service/ClasspathTagProviderService
instanceKlass net/thucydides/core/statistics/service/TagProviderService
instanceKlass net/thucydides/core/reports/json/gson/GsonJSONConverter
instanceKlass net/thucydides/core/reports/json/JSONConverter
instanceKlass net/thucydides/core/reports/remoteTesting/RemoteTestingLinkManager
instanceKlass net/thucydides/core/reports/remoteTesting/LinkGenerator
instanceKlass net/thucydides/core/batches/BatchManagerProvider
instanceKlass net/thucydides/core/issues/SystemPropertiesIssueTracking
instanceKlass net/thucydides/core/issues/IssueTracking
instanceKlass net/thucydides/core/configuration/SystemPropertiesConfiguration
instanceKlass net/serenitybdd/core/time/InternalSystemClock
instanceKlass com/google/inject/internal/Scoping
instanceKlass com/google/inject/internal/InternalFactory
instanceKlass java/lang/StackTraceElement$HashedModules
instanceKlass com/google/inject/internal/InternalFlags$1
instanceKlass com/google/inject/internal/InternalFlags
instanceKlass com/google/inject/spi/ProviderInstanceBinding
instanceKlass com/google/inject/spi/ProviderKeyBinding
instanceKlass com/google/inject/spi/InstanceBinding
instanceKlass com/google/inject/internal/DelayedInitialize
instanceKlass com/google/inject/spi/ConstructorBinding
instanceKlass com/google/inject/spi/HasDependencies
instanceKlass com/google/inject/spi/LinkedKeyBinding
instanceKlass com/google/inject/spi/UntargettedBinding
instanceKlass com/google/inject/internal/BindingImpl
instanceKlass com/google/inject/Key$AnnotationStrategy
instanceKlass com/google/inject/Key
instanceKlass net/serenitybdd/core/time/SystemClock
instanceKlass com/google/inject/util/Modules$EmptyModule
instanceKlass com/google/inject/util/Modules$OverriddenModuleBuilder
instanceKlass com/google/inject/util/Modules
instanceKlass java/util/TimSort
instanceKlass java/util/Arrays$LegacyMergeSort
instanceKlass java/util/stream/Nodes$ArrayNode
instanceKlass java/util/stream/Node$Builder
instanceKlass java/util/stream/Node$OfDouble
instanceKlass java/util/stream/Node$OfLong
instanceKlass java/util/stream/Node$OfInt
instanceKlass java/util/stream/Node$OfPrimitive
instanceKlass java/util/stream/Nodes$EmptyNode
instanceKlass java/util/stream/Node
instanceKlass java/util/stream/Nodes
instanceKlass java/util/function/IntFunction
instanceKlass java/util/stream/SortedOps
instanceKlass com/google/common/collect/Ordering
instanceKlass com/google/inject/internal/DeclaredMembers
instanceKlass com/google/common/base/ExtraObjectsMethodsForWeb
instanceKlass com/google/common/collect/ImmutableMap$Builder
instanceKlass com/google/inject/internal/MoreTypes
instanceKlass com/google/inject/TypeLiteral
instanceKlass com/google/inject/multibindings/ProvidesIntoOptional
instanceKlass com/google/inject/multibindings/ProvidesIntoMap
instanceKlass com/google/inject/multibindings/ProvidesIntoSet
instanceKlass com/google/inject/Provides
instanceKlass com/google/inject/spi/ModuleAnnotatedMethodScanner
instanceKlass javax/inject/Singleton
instanceKlass com/google/inject/spi/ElementSource
instanceKlass com/google/inject/spi/ScopeBinding
instanceKlass com/google/inject/Scopes$2
instanceKlass com/google/inject/Scopes$1
instanceKlass com/google/inject/Provider
instanceKlass javax/inject/Provider
instanceKlass com/google/inject/internal/SingletonScope
instanceKlass com/google/inject/spi/BindingScopingVisitor
instanceKlass com/google/inject/Scope
instanceKlass com/google/inject/Scopes
instanceKlass com/google/inject/Singleton
instanceKlass com/google/inject/spi/Elements$ModuleInfo
instanceKlass com/google/inject/PrivateModule
instanceKlass java/util/stream/Streams$2
instanceKlass java/util/stream/Streams$ConcatSpliterator
instanceKlass sun/reflect/annotation/AnnotatedTypeFactory$AnnotatedTypeBaseImpl
instanceKlass java/lang/reflect/AnnotatedType
instanceKlass sun/reflect/annotation/AnnotatedTypeFactory
instanceKlass sun/reflect/annotation/TypeAnnotation$LocationInfo$Location
instanceKlass sun/reflect/annotation/TypeAnnotation$LocationInfo
instanceKlass sun/reflect/generics/tree/ClassSignature
instanceKlass sun/reflect/generics/tree/Signature
instanceKlass sun/reflect/generics/tree/FormalTypeParameter
instanceKlass sun/reflect/generics/repository/AbstractRepository
instanceKlass sun/reflect/annotation/TypeAnnotation
instanceKlass sun/reflect/annotation/TypeAnnotationParser
instanceKlass com/google/inject/RestrictedBindingSource
instanceKlass com/google/inject/spi/BindingSourceRestriction
instanceKlass com/google/inject/spi/ModuleSource
instanceKlass com/google/inject/internal/ProviderMethodsModule
instanceKlass com/google/inject/spi/BindingSourceRestriction$PermitMapConstruction$PermitMapImpl
instanceKlass com/google/inject/spi/BindingSourceRestriction$PermitMap
instanceKlass com/google/inject/spi/BindingSourceRestriction$PermitMapConstruction
instanceKlass com/google/common/collect/Hashing
instanceKlass com/google/common/math/IntMath$1
instanceKlass com/google/common/math/MathPreconditions
instanceKlass com/google/common/math/IntMath
instanceKlass com/google/inject/internal/AbstractBindingBuilder
instanceKlass com/google/inject/binder/ConstantBindingBuilder
instanceKlass com/google/inject/binder/AnnotatedElementBuilder
instanceKlass com/google/inject/binder/AnnotatedConstantBindingBuilder
instanceKlass com/google/inject/binder/AnnotatedBindingBuilder
instanceKlass com/google/inject/binder/LinkedBindingBuilder
instanceKlass com/google/inject/binder/ScopedBindingBuilder
instanceKlass com/google/inject/spi/Elements$RecordingBinder
instanceKlass com/google/inject/PrivateBinder
instanceKlass com/google/inject/Binding
instanceKlass com/google/inject/spi/DefaultBindingTargetVisitor
instanceKlass com/google/inject/Binder
instanceKlass com/google/inject/spi/BindingTargetVisitor
instanceKlass com/google/inject/spi/Elements
instanceKlass com/google/inject/internal/InjectorShell$RootModule
instanceKlass com/google/common/collect/ListMultimap
instanceKlass com/google/inject/internal/InjectorBindingData
instanceKlass java/util/concurrent/atomic/AtomicReferenceArray
instanceKlass java/util/concurrent/Future
instanceKlass com/google/common/cache/LocalCache$LoadingValueReference
instanceKlass com/google/common/cache/Weigher
instanceKlass com/google/common/base/Predicate
instanceKlass com/google/common/base/Equivalence
instanceKlass java/util/function/BiPredicate
instanceKlass com/google/common/base/MoreObjects
instanceKlass com/google/common/cache/LocalCache$1
instanceKlass com/google/common/cache/ReferenceEntry
instanceKlass com/google/common/cache/CacheLoader
instanceKlass com/google/common/cache/LocalCache$LocalManualCache
instanceKlass java/util/AbstractMap$SimpleImmutableEntry
instanceKlass com/google/common/cache/RemovalListener
instanceKlass com/google/common/cache/LocalCache$ValueReference
instanceKlass com/google/common/cache/CacheBuilder$2
instanceKlass com/google/common/cache/CacheStats
instanceKlass com/google/common/base/Suppliers$SupplierOfInstance
instanceKlass com/google/common/base/Suppliers
instanceKlass com/google/common/cache/CacheBuilder$1
instanceKlass com/google/common/cache/AbstractCache$StatsCounter
instanceKlass com/google/common/cache/LoadingCache
instanceKlass com/google/common/cache/Cache
instanceKlass com/google/common/base/Supplier
instanceKlass com/google/common/cache/CacheBuilder
instanceKlass com/google/inject/internal/WeakKeySet
instanceKlass com/google/common/collect/Sets
instanceKlass com/google/inject/internal/InjectorJitBindingData
instanceKlass com/google/inject/internal/ProcessedBindingData
instanceKlass com/google/inject/spi/Element
instanceKlass com/google/inject/spi/DefaultElementVisitor
instanceKlass com/google/inject/spi/ElementVisitor
instanceKlass com/google/inject/internal/InjectorShell$Builder
instanceKlass com/google/common/collect/Lists
instanceKlass com/google/common/collect/AbstractMapEntry
instanceKlass com/google/common/collect/LinkedHashMultimap$ValueSetLink
instanceKlass com/google/common/collect/CollectPreconditions
instanceKlass com/google/common/collect/Platform
instanceKlass com/google/common/collect/Multiset
instanceKlass com/google/common/collect/AbstractMultimap
instanceKlass com/google/common/collect/SetMultimap
instanceKlass com/google/common/collect/Maps$EntryTransformer
instanceKlass com/google/common/collect/BiMap
instanceKlass com/google/common/base/Converter
instanceKlass com/google/common/collect/ImmutableMap
instanceKlass com/google/common/base/Function
instanceKlass com/google/common/collect/SortedMapDifference
instanceKlass com/google/common/collect/MapDifference
instanceKlass com/google/common/collect/Maps
instanceKlass com/google/inject/internal/CycleDetectingLock
instanceKlass com/google/common/collect/Multimap
instanceKlass com/google/inject/internal/CycleDetectingLock$CycleDetectingLockFactory
instanceKlass com/google/inject/internal/Initializable
instanceKlass com/google/inject/internal/Initializer
instanceKlass com/google/common/collect/PeekingIterator
instanceKlass com/google/common/collect/UnmodifiableIterator
instanceKlass com/google/common/collect/Iterators
instanceKlass com/google/common/collect/ImmutableCollection$Builder
instanceKlass com/google/common/collect/ImmutableSet$SetBuilderImpl
instanceKlass com/google/inject/internal/util/SourceProvider
instanceKlass com/google/inject/spi/ErrorDetail
instanceKlass com/google/inject/internal/Errors
instanceKlass com/google/common/base/CommonPattern
instanceKlass com/google/common/base/Platform$JdkPatternCompiler
instanceKlass com/google/common/base/PatternCompiler
instanceKlass com/google/common/base/Platform
instanceKlass com/google/common/base/Preconditions
instanceKlass java/time/Duration
instanceKlass java/time/temporal/TemporalAmount
instanceKlass java/time/temporal/TemporalUnit
instanceKlass java/util/concurrent/TimeUnit$1
instanceKlass jdk/internal/logger/DefaultLoggerFinder$1
instanceKlass java/util/logging/Logger$SystemLoggerHelper$1
instanceKlass java/util/logging/Logger$SystemLoggerHelper
instanceKlass java/util/logging/LogManager$4
instanceKlass jdk/internal/logger/BootstrapLogger$BootstrapExecutors
instanceKlass jdk/internal/logger/BootstrapLogger$RedirectedLoggers
instanceKlass java/util/concurrent/CopyOnWriteArrayList$COWIterator
instanceKlass jdk/internal/logger/BootstrapLogger$DetectBackend$1
instanceKlass jdk/internal/logger/BootstrapLogger$DetectBackend
instanceKlass jdk/internal/logger/BootstrapLogger
instanceKlass sun/util/logging/PlatformLogger$ConfigurableBridge
instanceKlass sun/util/logging/PlatformLogger$Bridge
instanceKlass java/lang/System$Logger
instanceKlass java/util/stream/Streams
instanceKlass java/util/stream/Stream$Builder
instanceKlass java/util/stream/Streams$AbstractStreamBuilderImpl
instanceKlass java/util/ArrayList$ArrayListSpliterator
instanceKlass java/util/Hashtable$Enumerator
instanceKlass java/util/Collections$SynchronizedCollection
instanceKlass java/util/Properties$EntrySet
instanceKlass java/util/Collections$3
instanceKlass java/util/logging/LogManager$LoggerContext$1
instanceKlass java/util/logging/LogManager$VisitedLoggers
instanceKlass java/util/logging/LogManager$2
instanceKlass java/lang/System$LoggerFinder
instanceKlass java/security/Security$2
instanceKlass jdk/internal/access/JavaSecurityPropertiesAccess
instanceKlass java/util/concurrent/ConcurrentHashMap$MapEntry
instanceKlass java/security/Security$1
instanceKlass java/security/Security
instanceKlass sun/security/util/SecurityProperties
instanceKlass sun/security/util/FilePermCompat
instanceKlass java/util/logging/LogManager$LoggingProviderAccess
instanceKlass sun/util/logging/internal/LoggingProviderImpl$LogManagerAccess
instanceKlass java/lang/Shutdown$Lock
instanceKlass java/lang/Shutdown
instanceKlass java/lang/ApplicationShutdownHooks$1
instanceKlass java/lang/ApplicationShutdownHooks
instanceKlass java/util/logging/LogManager$LogNode
instanceKlass java/util/logging/LogManager$LoggerContext
instanceKlass java/util/logging/LogManager$1
instanceKlass java/util/logging/LogManager
instanceKlass java/util/logging/Logger$ConfigurationData
instanceKlass java/util/logging/Logger$LoggerBundle
instanceKlass java/util/logging/Level
instanceKlass java/util/logging/Handler
instanceKlass java/util/logging/Logger
instanceKlass com/google/common/base/Ticker
instanceKlass com/google/common/base/Stopwatch
instanceKlass com/google/inject/internal/util/ContinuousStopwatch
instanceKlass com/google/inject/internal/InternalInjectorCreator
instanceKlass com/google/inject/Guice
instanceKlass java/util/Collections$SynchronizedMap
instanceKlass org/slf4j/simple/OutputChoice
instanceKlass java/text/Format
instanceKlass org/slf4j/simple/SimpleLoggerConfiguration
instanceKlass org/slf4j/spi/LoggingEventBuilder
instanceKlass org/slf4j/helpers/AbstractLogger
instanceKlass org/slf4j/simple/SimpleLoggerFactory
instanceKlass java/util/ServiceLoader$ProviderImpl
instanceKlass java/util/ServiceLoader$Provider
instanceKlass java/util/ServiceLoader$1
instanceKlass org/slf4j/simple/SimpleServiceProvider
instanceKlass sun/net/www/MessageHeader
instanceKlass sun/net/www/protocol/jar/JarFileFactory
instanceKlass sun/net/www/protocol/jar/URLJarFile$URLJarFileCloseController
instanceKlass java/net/URLConnection
instanceKlass jdk/internal/loader/URLClassPath$1
instanceKlass java/lang/CompoundEnumeration
instanceKlass jdk/internal/loader/BuiltinClassLoader$1
instanceKlass java/util/Collections$EmptyEnumeration
instanceKlass jdk/internal/jimage/ImageLocation
instanceKlass jdk/internal/jimage/decompressor/Decompressor
instanceKlass jdk/internal/jimage/ImageStringsReader
instanceKlass jdk/internal/jimage/ImageStrings
instanceKlass jdk/internal/jimage/ImageHeader
instanceKlass jdk/internal/jimage/NativeImageBuffer$1
instanceKlass jdk/internal/jimage/NativeImageBuffer
instanceKlass jdk/internal/jimage/BasicImageReader$1
instanceKlass jdk/internal/jimage/BasicImageReader
instanceKlass jdk/internal/jimage/ImageReader
instanceKlass jdk/internal/jimage/ImageReaderFactory$1
instanceKlass java/nio/file/FileSystems$DefaultFileSystemHolder$1
instanceKlass java/nio/file/FileSystems$DefaultFileSystemHolder
instanceKlass java/nio/file/FileSystems
instanceKlass java/nio/file/Paths
instanceKlass jdk/internal/jimage/ImageReaderFactory
instanceKlass jdk/internal/module/SystemModuleFinders$SystemImage
instanceKlass jdk/internal/module/SystemModuleFinders$SystemModuleReader
instanceKlass java/lang/module/ModuleReader
instanceKlass jdk/internal/loader/BuiltinClassLoader$5
instanceKlass jdk/internal/loader/BuiltinClassLoader$2
instanceKlass jdk/internal/module/Resources
instanceKlass java/util/ServiceLoader$3
instanceKlass java/util/ServiceLoader$2
instanceKlass java/util/ServiceLoader$LazyClassPathLookupIterator
instanceKlass java/util/Spliterators$1Adapter
instanceKlass java/util/Spliterators$ArraySpliterator
instanceKlass java/util/ServiceLoader$ModuleServicesLookupIterator
instanceKlass java/util/ServiceLoader
instanceKlass org/slf4j/helpers/Util
instanceKlass org/slf4j/helpers/NOPMDCAdapter
instanceKlass org/slf4j/helpers/NOPLoggerFactory
instanceKlass org/slf4j/helpers/NOP_FallbackServiceProvider
instanceKlass org/slf4j/helpers/ThreadLocalMapOfStacks
instanceKlass org/slf4j/helpers/BasicMDCAdapter
instanceKlass org/slf4j/Marker
instanceKlass org/slf4j/helpers/BasicMarkerFactory
instanceKlass java/util/concurrent/LinkedBlockingQueue$Node
instanceKlass java/util/concurrent/locks/AbstractQueuedSynchronizer$ConditionObject
instanceKlass java/util/concurrent/locks/Condition
instanceKlass java/util/concurrent/BlockingQueue
instanceKlass org/slf4j/Logger
instanceKlass org/slf4j/helpers/SubstituteLoggerFactory
instanceKlass org/slf4j/ILoggerFactory
instanceKlass org/slf4j/spi/MDCAdapter
instanceKlass org/slf4j/IMarkerFactory
instanceKlass org/slf4j/helpers/SubstituteServiceProvider
instanceKlass org/slf4j/event/LoggingEvent
instanceKlass org/slf4j/spi/SLF4JServiceProvider
instanceKlass org/slf4j/LoggerFactory
instanceKlass net/thucydides/core/guice/Injectors
instanceKlass com/google/inject/AbstractModule
instanceKlass org/junit/validator/PublicClassValidator
instanceKlass org/junit/validator/AnnotationValidatorFactory
instanceKlass org/junit/validator/AnnotationsValidator$AnnotatableValidator
instanceKlass org/junit/validator/AnnotationsValidator
instanceKlass com/google/inject/Injector
instanceKlass net/thucydides/core/batches/BatchManager
instanceKlass net/thucydides/core/webdriver/DriverConfiguration
instanceKlass net/thucydides/core/webdriver/WebdriverManager
instanceKlass net/thucydides/core/webdriver/WebDriverFactory
instanceKlass net/thucydides/core/steps/StepPublisher
instanceKlass net/serenitybdd/junit/runners/SerenityRunner$RerunTest
instanceKlass net/thucydides/core/steps/StepListener
instanceKlass com/google/inject/Module
instanceKlass net/serenitybdd/junit/runners/FailureRerunner
instanceKlass net/thucydides/core/webdriver/Configuration
instanceKlass org/junit/validator/TestClassValidator
instanceKlass org/junit/runners/model/RunnerScheduler
instanceKlass org/junit/runners/model/MemberValueConsumer
instanceKlass org/junit/runners/model/Statement
instanceKlass org/hamcrest/SelfDescribing
instanceKlass org/junit/Ignore
instanceKlass org/junit/runners/model/RunnerBuilder
instanceKlass org/junit/runner/Request
instanceKlass java/util/Formattable
instanceKlass java/util/Formatter$FixedString
instanceKlass java/util/Formatter$Flags
instanceKlass java/util/Formatter$FormatSpecifier
instanceKlass java/util/Formatter$FormatString
instanceKlass java/util/Formatter$Conversion
instanceKlass java/util/Formatter
instanceKlass java/util/concurrent/ConcurrentLinkedQueue$Node
instanceKlass java/util/regex/Pattern$TreeInfo
instanceKlass java/util/regex/CharPredicates
instanceKlass java/util/regex/Pattern$BitClass
instanceKlass java/util/regex/Pattern$BmpCharPredicate
instanceKlass java/util/regex/Pattern$CharPredicate
instanceKlass java/util/regex/Pattern$Node
instanceKlass java/util/regex/Pattern
instanceKlass org/junit/runner/Description
instanceKlass java/util/Collections$EmptyIterator
instanceKlass java/lang/Class$AnnotationData
instanceKlass org/junit/runner/Runner
instanceKlass org/junit/runner/Describable
instanceKlass org/junit/runner/manipulation/Orderable
instanceKlass org/junit/runner/manipulation/Sortable
instanceKlass org/junit/runner/manipulation/Filterable
instanceKlass net/thucydides/core/tags/Taggable
instanceKlass org/junit/internal/MethodSorter$2
instanceKlass org/junit/internal/MethodSorter$1
instanceKlass org/junit/internal/MethodSorter
instanceKlass org/junit/FixMethodOrder
instanceKlass org/apiguardian/api/API
instanceKlass org/junit/jupiter/api/TestInstance
instanceKlass org/springframework/context/annotation/Import
instanceKlass org/springframework/boot/context/properties/EnableConfigurationProperties
instanceKlass com/ae/network/api/tests/apiCentre/sdmRepository/Repository
instanceKlass com/ae/network/client/Way4Repository
instanceKlass com/ae/network/configuration/Environment
instanceKlass org/springframework/boot/test/context/ConfigDataApplicationContextInitializer
instanceKlass org/springframework/context/ApplicationContextInitializer
instanceKlass java/lang/annotation/Documented
instanceKlass java/lang/reflect/Proxy$ProxyBuilder$1
instanceKlass jdk/internal/org/objectweb/asm/Edge
instanceKlass java/lang/reflect/ProxyGenerator$PrimitiveTypeInfo
instanceKlass java/util/StringJoiner
instanceKlass java/lang/reflect/ProxyGenerator$ProxyMethod
instanceKlass jdk/internal/module/Checks
instanceKlass java/lang/module/ModuleDescriptor$Builder
instanceKlass java/util/LinkedHashMap$LinkedHashIterator
instanceKlass java/lang/PublicMethods
instanceKlass java/util/Collections$1
instanceKlass java/lang/reflect/Proxy$ProxyBuilder
instanceKlass java/lang/reflect/Proxy
instanceKlass sun/reflect/annotation/AnnotationInvocationHandler
instanceKlass java/lang/reflect/InvocationHandler
instanceKlass sun/reflect/annotation/AnnotationParser$1
instanceKlass java/lang/annotation/Target
instanceKlass java/lang/annotation/Inherited
instanceKlass java/lang/annotation/Retention
instanceKlass org/springframework/test/context/ContextLoader
instanceKlass sun/reflect/annotation/ExceptionProxy
instanceKlass sun/reflect/annotation/AnnotationType$1
instanceKlass sun/reflect/annotation/AnnotationType
instanceKlass java/lang/reflect/GenericArrayType
instanceKlass org/springframework/test/context/ContextConfiguration
instanceKlass sun/reflect/generics/visitor/Reifier
instanceKlass sun/reflect/generics/visitor/TypeTreeVisitor
instanceKlass sun/reflect/generics/factory/CoreReflectionFactory
instanceKlass sun/reflect/generics/factory/GenericsFactory
instanceKlass sun/reflect/generics/scope/AbstractScope
instanceKlass sun/reflect/generics/scope/Scope
instanceKlass sun/reflect/generics/tree/ClassTypeSignature
instanceKlass sun/reflect/generics/tree/SimpleClassTypeSignature
instanceKlass sun/reflect/generics/tree/FieldTypeSignature
instanceKlass sun/reflect/generics/tree/BaseType
instanceKlass sun/reflect/generics/tree/TypeSignature
instanceKlass sun/reflect/generics/tree/ReturnType
instanceKlass sun/reflect/generics/tree/TypeArgument
instanceKlass sun/reflect/generics/tree/TypeTree
instanceKlass sun/reflect/generics/tree/Tree
instanceKlass sun/reflect/generics/parser/SignatureParser
instanceKlass org/junit/runner/RunWith
instanceKlass com/ae/network/api/tests/apiCentre/cardServices/Cards
instanceKlass org/junit/runner/manipulation/Filter
instanceKlass com/intellij/junit4/JUnit4TestRunnerUtil
instanceKlass com/intellij/rt/execution/junit/TestsRepeater
instanceKlass com/intellij/rt/junit/IdeaTestRunner$Repeater$1
instanceKlass com/intellij/junit4/JUnitTestTreeNodeManager$1
instanceKlass com/intellij/junit4/JUnitTestTreeNodeManager
instanceKlass com/intellij/rt/execution/junit/TestsRepeater$TestRun
instanceKlass com/intellij/rt/junit/IdeaTestRunner$Repeater
instanceKlass junit/textui/ResultPrinter
instanceKlass junit/framework/TestResult
instanceKlass junit/framework/Test
instanceKlass junit/runner/BaseTestRunner
instanceKlass junit/framework/TestListener
instanceKlass org/junit/runner/notification/RunListener
instanceKlass com/intellij/junit4/JUnit4IdeaTestRunner
instanceKlass com/intellij/rt/junit/IdeaTestRunner
instanceKlass org/junit/Test
instanceKlass java/util/StringTokenizer
instanceKlass java/security/CodeSigner
instanceKlass java/util/jar/JarVerifier
instanceKlass java/util/LinkedList$Node
instanceKlass java/nio/DirectByteBuffer$Deallocator
instanceKlass sun/nio/ch/Util$BufferCache
instanceKlass java/util/zip/ZipFile$InflaterCleanupAction
instanceKlass java/util/zip/Inflater$InflaterZStreamRef
instanceKlass sun/nio/ch/Util
instanceKlass java/lang/invoke/VarHandle$AccessDescriptor
instanceKlass java/util/zip/Inflater
instanceKlass java/util/TreeMap$PrivateEntryIterator
instanceKlass java/util/TreeMap$Entry
instanceKlass sun/nio/ch/NativeThread
instanceKlass sun/net/NetHooks
instanceKlass sun/net/spi/DefaultProxySelector$3
instanceKlass sun/net/spi/DefaultProxySelector$NonProxyInfo
instanceKlass java/net/URI$Parser
instanceKlass sun/net/spi/DefaultProxySelector$1
instanceKlass java/net/Proxy
instanceKlass java/net/ProxySelector
instanceKlass java/net/SocksSocketImpl$3
instanceKlass jdk/net/ExtendedSocketOptions$PlatformSocketOptions$1
instanceKlass jdk/net/ExtendedSocketOptions$PlatformSocketOptions
instanceKlass jdk/net/ExtendedSocketOptions$ExtSocketOption
instanceKlass java/net/SocketOption
instanceKlass jdk/net/ExtendedSocketOptions
instanceKlass sun/net/ext/ExtendedSocketOptions
instanceKlass java/net/Inet6Address$Inet6AddressHolder
instanceKlass sun/nio/ch/Net$1
instanceKlass java/net/ProtocolFamily
instanceKlass sun/nio/ch/Net
instanceKlass java/net/SocksConsts
instanceKlass sun/nio/ch/IOUtil
instanceKlass sun/nio/ch/NativeDispatcher
instanceKlass sun/net/PlatformSocketImpl
instanceKlass java/io/FileInputStream$1
instanceKlass java/util/Properties$LineReader
instanceKlass com/intellij/rt/execution/junit/RepeatCount
instanceKlass sun/net/NetProperties$1
instanceKlass sun/net/NetProperties
instanceKlass com/intellij/rt/junit/JUnitStarter
instanceKlass jdk/internal/org/objectweb/asm/ClassReader
instanceKlass java/net/SocketImpl
instanceKlass java/net/SocketOptions
instanceKlass java/net/InetSocketAddress$InetSocketAddressHolder
instanceKlass java/net/InetAddress$PlatformNameService
instanceKlass java/net/InetAddress$NameService
instanceKlass java/net/Inet6AddressImpl
instanceKlass java/net/InetAddressImpl
instanceKlass java/net/InetAddressImplFactory
instanceKlass java/util/concurrent/ConcurrentSkipListMap$Node
instanceKlass java/util/concurrent/ConcurrentSkipListMap$Index
instanceKlass java/util/concurrent/ConcurrentNavigableMap
instanceKlass java/util/NavigableMap
instanceKlass java/util/SortedMap
instanceKlass java/util/NavigableSet
instanceKlass java/util/SortedSet
instanceKlass java/net/InetAddress$InetAddressHolder
instanceKlass java/net/InetAddress$1
instanceKlass jdk/internal/access/JavaNetInetAddressAccess
instanceKlass java/net/InetAddress
instanceKlass java/net/SocketAddress
instanceKlass sun/nio/cs/SingleByte
instanceKlass java/lang/invoke/VarForm
instanceKlass sun/nio/cs/MS1252$Holder
instanceKlass java/lang/invoke/VarHandleGuards
instanceKlass sun/nio/cs/ArrayDecoder
instanceKlass jdk/internal/util/Preconditions$1
instanceKlass java/lang/invoke/VarHandle$1
instanceKlass java/lang/ClassValue$Version
instanceKlass java/lang/ClassValue$Identity
instanceKlass java/lang/ClassValue
instanceKlass sun/launcher/LauncherHelper
instanceKlass java/lang/invoke/VarHandles
instanceKlass java/net/Socket
instanceKlass jdk/internal/vm/PostVMInitHook$1
instanceKlass jdk/internal/util/EnvUtils
instanceKlass jdk/internal/vm/PostVMInitHook$2
instanceKlass jdk/internal/vm/PostVMInitHook
instanceKlass java/io/Reader
instanceKlass com/intellij/rt/execution/application/AppMainV2
instanceKlass com/intellij/rt/execution/application/AppMainV2$Agent
instanceKlass java/security/SecureClassLoader$DebugHolder
instanceKlass java/security/PermissionCollection
instanceKlass java/security/SecureClassLoader$1
instanceKlass java/security/SecureClassLoader$CodeSourceKey
instanceKlass java/util/zip/Checksum$1
instanceKlass java/util/zip/CRC32
instanceKlass java/util/zip/Checksum
instanceKlass sun/nio/ByteBuffered
instanceKlass java/lang/Package$VersionInfo
instanceKlass java/lang/NamedPackage
instanceKlass java/util/jar/Attributes$Name
instanceKlass java/util/jar/Attributes
instanceKlass jdk/internal/loader/Resource
instanceKlass sun/security/action/GetIntegerAction
instanceKlass sun/security/util/Debug
instanceKlass sun/security/util/SignatureFileVerifier
instanceKlass java/util/zip/ZipEntry
instanceKlass jdk/internal/util/jar/JarIndex
instanceKlass java/nio/Bits$1
instanceKlass jdk/internal/misc/VM$BufferPool
instanceKlass java/nio/Bits
instanceKlass sun/nio/ch/DirectBuffer
instanceKlass jdk/internal/perf/PerfCounter$CoreCounters
instanceKlass jdk/internal/perf/Perf
instanceKlass jdk/internal/perf/Perf$GetPerfAction
instanceKlass jdk/internal/perf/PerfCounter
instanceKlass java/nio/file/attribute/FileTime
instanceKlass java/util/zip/ZipUtils
instanceKlass java/util/zip/ZipFile$Source$End
instanceKlass java/io/RandomAccessFile$2
instanceKlass jdk/internal/access/JavaIORandomAccessFileAccess
instanceKlass java/io/RandomAccessFile
instanceKlass java/io/DataInput
instanceKlass java/io/DataOutput
instanceKlass sun/nio/fs/WindowsNativeDispatcher$CompletionStatus
instanceKlass sun/nio/fs/WindowsNativeDispatcher$AclInformation
instanceKlass sun/nio/fs/WindowsNativeDispatcher$Account
instanceKlass sun/nio/fs/WindowsNativeDispatcher$DiskFreeSpace
instanceKlass sun/nio/fs/WindowsNativeDispatcher$VolumeInformation
instanceKlass sun/nio/fs/WindowsNativeDispatcher$FirstStream
instanceKlass sun/nio/fs/WindowsNativeDispatcher$FirstFile
instanceKlass java/util/Enumeration
instanceKlass java/util/concurrent/ConcurrentHashMap$Traverser
instanceKlass java/util/concurrent/ConcurrentHashMap$CollectionView
instanceKlass sun/nio/fs/WindowsNativeDispatcher
instanceKlass sun/nio/fs/NativeBuffer$Deallocator
instanceKlass sun/nio/fs/NativeBuffer
instanceKlass java/lang/ThreadLocal$ThreadLocalMap
instanceKlass sun/nio/fs/NativeBuffers
instanceKlass sun/nio/fs/WindowsFileAttributes
instanceKlass java/nio/file/attribute/DosFileAttributes
instanceKlass sun/nio/fs/AbstractBasicFileAttributeView
instanceKlass sun/nio/fs/DynamicFileAttributeView
instanceKlass sun/nio/fs/WindowsFileAttributeViews
instanceKlass java/lang/Class$1
instanceKlass java/nio/charset/StandardCharsets
instanceKlass sun/nio/fs/Util
instanceKlass java/nio/file/attribute/BasicFileAttributeView
instanceKlass java/nio/file/attribute/FileAttributeView
instanceKlass java/nio/file/attribute/AttributeView
instanceKlass java/nio/file/Files
instanceKlass java/nio/file/CopyOption
instanceKlass java/nio/file/attribute/BasicFileAttributes
instanceKlass sun/nio/fs/WindowsPath
instanceKlass java/util/zip/ZipFile$Source$Key
instanceKlass sun/nio/fs/WindowsPathParser$Result
instanceKlass sun/nio/fs/WindowsPathParser
instanceKlass java/util/Arrays$ArrayItr
instanceKlass java/nio/file/FileSystem
instanceKlass java/nio/file/OpenOption
instanceKlass java/nio/file/spi/FileSystemProvider
instanceKlass sun/nio/fs/DefaultFileSystemProvider
instanceKlass java/util/zip/ZipFile$Source
instanceKlass java/util/zip/ZipCoder
instanceKlass java/util/zip/ZipFile$CleanableResource
instanceKlass java/lang/Runtime$Version
instanceKlass java/util/jar/JavaUtilJarAccessImpl
instanceKlass jdk/internal/access/JavaUtilJarAccess
instanceKlass java/nio/charset/CoderResult
instanceKlass java/lang/StringCoding
instanceKlass java/nio/charset/CharsetDecoder
instanceKlass java/lang/Readable
instanceKlass jdk/internal/loader/FileURLMapper
instanceKlass jdk/internal/loader/URLClassPath$JarLoader$1
instanceKlass java/util/zip/ZipFile$1
instanceKlass jdk/internal/access/JavaUtilZipFileAccess
instanceKlass java/util/zip/ZipFile
instanceKlass java/util/zip/ZipConstants
instanceKlass jdk/internal/loader/URLClassPath$Loader
instanceKlass jdk/internal/loader/URLClassPath$3
instanceKlass java/security/PrivilegedExceptionAction
instanceKlass sun/util/locale/LocaleUtils
instanceKlass sun/util/locale/BaseLocale
instanceKlass java/util/Locale
instanceKlass sun/net/util/URLUtil
instanceKlass sun/instrument/TransformerManager$TransformerInfo
instanceKlass sun/instrument/TransformerManager
instanceKlass jdk/internal/loader/NativeLibraries$NativeLibraryImpl
instanceKlass jdk/internal/loader/NativeLibrary
instanceKlass java/util/ArrayDeque$DeqIterator
instanceKlass jdk/internal/loader/NativeLibraries$1
instanceKlass jdk/internal/loader/NativeLibraries$LibraryPaths
instanceKlass sun/instrument/InstrumentationImpl
instanceKlass java/lang/instrument/Instrumentation
instanceKlass java/lang/invoke/StringConcatFactory$3
instanceKlass java/lang/invoke/StringConcatFactory$2
instanceKlass java/lang/invoke/StringConcatFactory$1
instanceKlass java/lang/invoke/StringConcatFactory
instanceKlass jdk/internal/module/ModuleBootstrap$SafeModuleFinder
instanceKlass java/lang/ModuleLayer$Controller
instanceKlass java/util/concurrent/CopyOnWriteArrayList
instanceKlass jdk/internal/module/ServicesCatalog$ServiceProvider
instanceKlass jdk/internal/loader/AbstractClassLoaderValue$Memoizer
instanceKlass jdk/internal/module/ModuleLoaderMap$Modules
instanceKlass jdk/internal/module/ModuleLoaderMap$Mapper
instanceKlass jdk/internal/module/ModuleLoaderMap
instanceKlass java/lang/module/ResolvedModule
instanceKlass java/util/Collections$UnmodifiableCollection$1
instanceKlass java/lang/ModuleLayer
instanceKlass java/util/ImmutableCollections$ListItr
instanceKlass java/util/ListIterator
instanceKlass java/lang/module/ModuleFinder$1
instanceKlass java/nio/file/Path
instanceKlass java/nio/file/Watchable
instanceKlass java/lang/module/Resolver
instanceKlass java/lang/module/Configuration
instanceKlass java/util/ImmutableCollections$Set12$1
instanceKlass java/util/stream/FindOps$FindOp
instanceKlass java/util/stream/FindOps$FindSink
instanceKlass java/util/stream/FindOps
instanceKlass java/util/stream/Sink$ChainedReference
instanceKlass java/util/stream/ReduceOps$AccumulatingSink
instanceKlass java/util/stream/TerminalSink
instanceKlass java/util/stream/Sink
instanceKlass java/util/function/Consumer
instanceKlass java/util/stream/ReduceOps$Box
instanceKlass java/util/stream/ReduceOps$ReduceOp
instanceKlass java/util/stream/TerminalOp
instanceKlass java/util/stream/ReduceOps
instanceKlass java/util/function/BinaryOperator
instanceKlass java/util/function/BiFunction
instanceKlass java/util/function/BiConsumer
instanceKlass java/util/stream/Collectors$CollectorImpl
instanceKlass java/util/stream/Collector
instanceKlass java/util/Collections$UnmodifiableCollection
instanceKlass java/util/stream/Collectors
instanceKlass java/lang/ref/Cleaner$Cleanable
instanceKlass jdk/internal/ref/CleanerImpl
instanceKlass java/lang/ref/Cleaner$1
instanceKlass java/lang/ref/Cleaner
instanceKlass jdk/internal/ref/CleanerFactory$1
instanceKlass java/util/concurrent/ThreadFactory
instanceKlass jdk/internal/ref/CleanerFactory
instanceKlass java/lang/invoke/MethodHandles$Lookup$ClassDefiner
instanceKlass java/lang/invoke/MethodHandles$Lookup$ClassFile
instanceKlass jdk/internal/org/objectweb/asm/Handler
instanceKlass jdk/internal/org/objectweb/asm/Attribute
instanceKlass jdk/internal/org/objectweb/asm/FieldVisitor
instanceKlass java/util/ArrayList$Itr
instanceKlass java/lang/invoke/InvokerBytecodeGenerator$ClassData
instanceKlass jdk/internal/org/objectweb/asm/AnnotationVisitor
instanceKlass jdk/internal/org/objectweb/asm/Frame
instanceKlass jdk/internal/org/objectweb/asm/Label
instanceKlass jdk/internal/org/objectweb/asm/MethodVisitor
instanceKlass java/lang/invoke/LambdaFormBuffer
instanceKlass java/lang/invoke/LambdaFormEditor$TransformKey
instanceKlass java/lang/invoke/LambdaFormEditor
instanceKlass sun/invoke/util/Wrapper$1
instanceKlass java/lang/invoke/DelegatingMethodHandle$Holder
instanceKlass java/lang/invoke/DirectMethodHandle$2
instanceKlass sun/invoke/empty/Empty
instanceKlass sun/invoke/util/VerifyType
instanceKlass java/lang/invoke/ClassSpecializer$Factory
instanceKlass java/lang/invoke/ClassSpecializer$SpeciesData
instanceKlass java/lang/invoke/ClassSpecializer$1
instanceKlass java/util/function/Function
instanceKlass java/lang/invoke/ClassSpecializer
instanceKlass java/lang/invoke/InnerClassLambdaMetafactory$1
instanceKlass java/lang/invoke/LambdaProxyClassArchive
instanceKlass jdk/internal/org/objectweb/asm/ByteVector
instanceKlass jdk/internal/org/objectweb/asm/Symbol
instanceKlass jdk/internal/org/objectweb/asm/SymbolTable
instanceKlass jdk/internal/org/objectweb/asm/ClassVisitor
instanceKlass java/lang/invoke/InfoFromMemberName
instanceKlass java/lang/invoke/MethodHandleInfo
instanceKlass jdk/internal/org/objectweb/asm/ConstantDynamic
instanceKlass sun/invoke/util/BytecodeDescriptor
instanceKlass jdk/internal/org/objectweb/asm/Handle
instanceKlass sun/security/action/GetBooleanAction
instanceKlass jdk/internal/org/objectweb/asm/Type
instanceKlass java/lang/invoke/AbstractValidatingLambdaMetafactory
instanceKlass java/lang/invoke/MethodHandleImpl$1
instanceKlass jdk/internal/access/JavaLangInvokeAccess
instanceKlass java/lang/invoke/Invokers$Holder
instanceKlass java/lang/invoke/BootstrapMethodInvoker
instanceKlass java/util/function/Predicate
instanceKlass java/lang/WeakPairMap$Pair$Lookup
instanceKlass java/lang/WeakPairMap$Pair
instanceKlass java/lang/WeakPairMap
instanceKlass java/lang/Module$ReflectionData
instanceKlass java/lang/invoke/InvokerBytecodeGenerator$2
instanceKlass java/lang/invoke/InvokerBytecodeGenerator
instanceKlass java/lang/invoke/LambdaForm$Holder
instanceKlass java/lang/invoke/LambdaForm$Name
instanceKlass java/lang/reflect/Array
instanceKlass java/lang/invoke/Invokers
instanceKlass java/lang/invoke/MethodHandleImpl
instanceKlass sun/invoke/util/ValueConversions
instanceKlass java/lang/invoke/DirectMethodHandle$Holder
instanceKlass java/lang/invoke/LambdaForm$NamedFunction
instanceKlass sun/invoke/util/Wrapper$Format
instanceKlass java/lang/invoke/MethodTypeForm
instanceKlass java/lang/Void
instanceKlass java/lang/invoke/MethodType$ConcurrentWeakInternSet
instanceKlass java/lang/invoke/LambdaMetafactory
instanceKlass sun/reflect/annotation/AnnotationParser
instanceKlass java/lang/Class$3
instanceKlass java/lang/PublicMethods$Key
instanceKlass java/lang/PublicMethods$MethodList
instanceKlass java/lang/Class$Atomic
instanceKlass java/lang/Class$ReflectionData
instanceKlass java/util/EnumMap$1
instanceKlass java/util/stream/StreamOpFlag$MaskBuilder
instanceKlass java/util/stream/Stream
instanceKlass java/util/stream/BaseStream
instanceKlass java/util/stream/PipelineHelper
instanceKlass java/util/stream/StreamSupport
instanceKlass java/util/Spliterators$IteratorSpliterator
instanceKlass java/util/Spliterator$OfDouble
instanceKlass java/util/Spliterator$OfLong
instanceKlass java/util/Spliterator$OfInt
instanceKlass java/util/Spliterator$OfPrimitive
instanceKlass java/util/Spliterator
instanceKlass java/util/Spliterators$EmptySpliterator
instanceKlass java/util/Spliterators
instanceKlass jdk/internal/module/DefaultRoots
instanceKlass java/util/ImmutableCollections$SetN$SetNIterator
instanceKlass jdk/internal/loader/BuiltinClassLoader$LoadedModule
instanceKlass jdk/internal/loader/AbstractClassLoaderValue
instanceKlass jdk/internal/module/ServicesCatalog
instanceKlass jdk/internal/util/Preconditions
instanceKlass sun/net/util/IPAddressUtil
instanceKlass java/net/URLStreamHandler
instanceKlass java/lang/StringUTF16
instanceKlass java/util/HexFormat
instanceKlass sun/net/www/ParseUtil
instanceKlass java/net/URL$3
instanceKlass jdk/internal/access/JavaNetURLAccess
instanceKlass java/net/URL$DefaultFactory
instanceKlass java/net/URLStreamHandlerFactory
instanceKlass jdk/internal/loader/URLClassPath
instanceKlass java/security/Principal
instanceKlass java/security/ProtectionDomain$Key
instanceKlass java/security/ProtectionDomain$JavaSecurityAccessImpl
instanceKlass jdk/internal/access/JavaSecurityAccess
instanceKlass java/lang/ClassLoader$ParallelLoaders
instanceKlass java/security/cert/Certificate
instanceKlass jdk/internal/loader/ArchivedClassLoaders
instanceKlass java/util/Deque
instanceKlass java/util/Queue
instanceKlass jdk/internal/loader/ClassLoaderHelper
instanceKlass jdk/internal/loader/NativeLibraries
instanceKlass jdk/internal/loader/BootLoader
instanceKlass java/util/Optional
instanceKlass jdk/internal/module/SystemModuleFinders$SystemModuleFinder
instanceKlass java/lang/module/ModuleFinder
instanceKlass jdk/internal/module/SystemModuleFinders$3
instanceKlass jdk/internal/module/ModuleHashes$HashSupplier
instanceKlass jdk/internal/module/SystemModuleFinders$2
instanceKlass java/util/function/Supplier
instanceKlass java/lang/module/ModuleReference
instanceKlass jdk/internal/module/ModuleResolution
instanceKlass java/util/Collections$UnmodifiableMap
instanceKlass jdk/internal/module/ModuleHashes$Builder
instanceKlass jdk/internal/module/ModuleHashes
instanceKlass jdk/internal/module/ModuleTarget
instanceKlass java/lang/Enum
instanceKlass java/lang/module/ModuleDescriptor$Version
instanceKlass java/lang/module/ModuleDescriptor$Provides
instanceKlass java/lang/module/ModuleDescriptor$Opens
instanceKlass java/lang/module/ModuleDescriptor$Exports
instanceKlass java/lang/module/ModuleDescriptor$Requires
instanceKlass jdk/internal/module/Builder
instanceKlass jdk/internal/module/SystemModules$all
instanceKlass jdk/internal/module/SystemModules
instanceKlass jdk/internal/module/SystemModulesMap
instanceKlass java/net/URI$1
instanceKlass jdk/internal/access/JavaNetUriAccess
instanceKlass java/net/URI
instanceKlass jdk/internal/module/SystemModuleFinders
instanceKlass jdk/internal/module/ArchivedModuleGraph
instanceKlass jdk/internal/module/ArchivedBootLayer
instanceKlass jdk/internal/module/ModuleBootstrap$Counters
instanceKlass jdk/internal/module/ModulePatcher
instanceKlass jdk/internal/util/ArraysSupport
instanceKlass java/io/FileSystem
instanceKlass java/io/DefaultFileSystem
instanceKlass java/io/File
instanceKlass java/lang/module/ModuleDescriptor$1
instanceKlass jdk/internal/access/JavaLangModuleAccess
instanceKlass java/lang/reflect/Modifier
instanceKlass sun/invoke/util/VerifyAccess
instanceKlass java/lang/module/ModuleDescriptor
instanceKlass jdk/internal/module/ModuleBootstrap
instanceKlass java/lang/invoke/MethodHandleStatics
instanceKlass java/util/Collections
instanceKlass sun/io/Win32ErrorMode
instanceKlass jdk/internal/misc/OSEnvironment
instanceKlass jdk/internal/misc/Signal$NativeHandler
instanceKlass java/util/Hashtable$Entry
instanceKlass jdk/internal/misc/Signal
instanceKlass java/lang/Terminator$1
instanceKlass jdk/internal/misc/Signal$Handler
instanceKlass java/lang/Terminator
instanceKlass java/nio/ByteOrder
instanceKlass java/nio/Buffer$1
instanceKlass jdk/internal/access/JavaNioAccess
instanceKlass jdk/internal/misc/ScopedMemoryAccess
instanceKlass java/nio/charset/CodingErrorAction
instanceKlass java/nio/charset/CharsetEncoder
instanceKlass sun/nio/cs/HistoricallyNamedCharset
instanceKlass sun/security/action/GetPropertyAction
instanceKlass java/lang/ThreadLocal
instanceKlass java/nio/charset/spi/CharsetProvider
instanceKlass java/nio/charset/Charset
instanceKlass java/io/Writer
instanceKlass java/io/OutputStream
instanceKlass java/io/Flushable
instanceKlass java/io/FileDescriptor$1
instanceKlass jdk/internal/access/JavaIOFileDescriptorAccess
instanceKlass java/io/FileDescriptor
instanceKlass jdk/internal/util/StaticProperty
instanceKlass java/util/HashMap$HashIterator
instanceKlass java/lang/Integer$IntegerCache
instanceKlass java/lang/CharacterData
instanceKlass java/util/Arrays
instanceKlass java/lang/VersionProps
instanceKlass java/lang/StringConcatHelper
instanceKlass jdk/internal/misc/VM
instanceKlass jdk/internal/util/SystemProps$Raw
instanceKlass jdk/internal/util/SystemProps
instanceKlass java/lang/System$2
instanceKlass jdk/internal/access/JavaLangAccess
instanceKlass java/lang/ref/Reference$1
instanceKlass jdk/internal/access/JavaLangRefAccess
instanceKlass java/lang/ref/ReferenceQueue$Lock
instanceKlass java/lang/ref/ReferenceQueue
instanceKlass jdk/internal/reflect/ReflectionFactory
instanceKlass jdk/internal/reflect/ReflectionFactory$GetReflectionFactoryAction
instanceKlass java/security/PrivilegedAction
instanceKlass java/util/concurrent/locks/LockSupport
instanceKlass java/util/concurrent/ConcurrentHashMap$Node
instanceKlass java/util/concurrent/ConcurrentHashMap$CounterCell
instanceKlass java/util/concurrent/locks/ReentrantLock
instanceKlass java/util/concurrent/locks/Lock
instanceKlass java/lang/Runtime
instanceKlass java/util/HashMap$Node
instanceKlass java/util/KeyValueHolder
instanceKlass java/util/Map$Entry
instanceKlass java/util/ImmutableCollections$MapN$MapNIterator
instanceKlass java/lang/Math
instanceKlass jdk/internal/reflect/Reflection
instanceKlass java/lang/invoke/MethodHandles$Lookup
instanceKlass java/lang/StringLatin1
instanceKlass java/security/Permission
instanceKlass java/security/Guard
instanceKlass java/lang/invoke/MemberName$Factory
instanceKlass java/lang/invoke/MethodHandles
instanceKlass jdk/internal/access/SharedSecrets
instanceKlass java/lang/reflect/ReflectAccess
instanceKlass jdk/internal/access/JavaLangReflectAccess
instanceKlass java/util/ImmutableCollections
instanceKlass java/util/Objects
instanceKlass java/util/Set
instanceKlass jdk/internal/misc/CDS
instanceKlass java/lang/Module$ArchivedData
instanceKlass java/lang/String$CaseInsensitiveComparator
instanceKlass java/util/Comparator
instanceKlass java/io/ObjectStreamField
instanceKlass jdk/internal/vm/vector/VectorSupport$VectorPayload
instanceKlass jdk/internal/vm/vector/VectorSupport
instanceKlass java/lang/reflect/RecordComponent
instanceKlass java/util/Iterator
instanceKlass java/lang/Number
instanceKlass java/lang/Character
instanceKlass java/lang/Boolean
instanceKlass java/util/concurrent/locks/AbstractOwnableSynchronizer
instanceKlass java/lang/LiveStackFrame
instanceKlass java/lang/StackFrameInfo
instanceKlass java/lang/StackWalker$StackFrame
instanceKlass java/lang/StackStreamFactory$AbstractStackWalker
instanceKlass java/lang/StackWalker
instanceKlass java/nio/Buffer
instanceKlass java/lang/StackTraceElement
instanceKlass java/util/RandomAccess
instanceKlass java/util/List
instanceKlass java/util/AbstractCollection
instanceKlass java/util/Collection
instanceKlass java/lang/Iterable
instanceKlass java/util/concurrent/ConcurrentMap
instanceKlass java/util/AbstractMap
instanceKlass java/security/CodeSource
instanceKlass jdk/internal/loader/ClassLoaders
instanceKlass java/util/jar/Manifest
instanceKlass java/net/URL
instanceKlass java/io/InputStream
instanceKlass java/io/Closeable
instanceKlass java/lang/AutoCloseable
instanceKlass jdk/internal/module/Modules
instanceKlass jdk/internal/misc/Unsafe
instanceKlass jdk/internal/misc/UnsafeConstants
instanceKlass java/lang/AbstractStringBuilder
instanceKlass java/lang/Appendable
instanceKlass java/lang/AssertionStatusDirectives
instanceKlass java/lang/invoke/MethodHandleNatives$CallSiteContext
instanceKlass jdk/internal/invoke/NativeEntryPoint
instanceKlass java/lang/invoke/CallSite
instanceKlass java/lang/invoke/MethodType
instanceKlass java/lang/invoke/TypeDescriptor$OfMethod
instanceKlass java/lang/invoke/LambdaForm
instanceKlass java/lang/invoke/MethodHandleNatives
instanceKlass java/lang/invoke/ResolvedMethodName
instanceKlass java/lang/invoke/MemberName
instanceKlass java/lang/invoke/VarHandle
instanceKlass java/lang/invoke/MethodHandle
instanceKlass jdk/internal/reflect/CallerSensitive
instanceKlass java/lang/annotation/Annotation
instanceKlass jdk/internal/reflect/FieldAccessor
instanceKlass jdk/internal/reflect/ConstantPool
instanceKlass jdk/internal/reflect/ConstructorAccessor
instanceKlass jdk/internal/reflect/MethodAccessor
instanceKlass jdk/internal/reflect/MagicAccessorImpl
instanceKlass java/lang/reflect/Parameter
instanceKlass java/lang/reflect/Member
instanceKlass java/lang/reflect/AccessibleObject
instanceKlass java/lang/Module
instanceKlass java/util/Map
instanceKlass java/util/Dictionary
instanceKlass java/lang/ThreadGroup
instanceKlass java/lang/Thread$UncaughtExceptionHandler
instanceKlass java/lang/Thread
instanceKlass java/lang/Runnable
instanceKlass java/lang/ref/Reference
instanceKlass java/lang/Record
instanceKlass java/security/AccessController
instanceKlass java/security/AccessControlContext
instanceKlass java/security/ProtectionDomain
instanceKlass java/lang/SecurityManager
instanceKlass java/lang/Throwable
instanceKlass java/lang/System
instanceKlass java/lang/ClassLoader
instanceKlass java/lang/Cloneable
instanceKlass java/lang/Class
instanceKlass java/lang/invoke/TypeDescriptor$OfField
instanceKlass java/lang/invoke/TypeDescriptor
instanceKlass java/lang/reflect/Type
instanceKlass java/lang/reflect/GenericDeclaration
instanceKlass java/lang/reflect/AnnotatedElement
instanceKlass java/lang/String
instanceKlass java/lang/constant/ConstantDesc
instanceKlass java/lang/constant/Constable
instanceKlass java/lang/CharSequence
instanceKlass java/lang/Comparable
instanceKlass java/io/Serializable
ciInstanceKlass java/lang/Object 1 1 92 100 1 10 12 1 1 10 7 12 1 1 1 10 100 12 1 1 1 10 12 1 1 8 1 10 12 1 1 10 100 12 1 1 1 10 12 1 10 12 1 1 100 1 8 1 10 12 1 3 8 1 100 1 5 0 1 1 1 1 1 1 1 1 1 1 1 1 1 1 1 1 7 1 1 1 7 1 1 1 1 1 1 1 7 1 1 1 1 1 1 1
ciInstanceKlass java/lang/Class 1 1 1611 10 7 12 1 1 1 9 7 12 1 1 1 9 12 1 1 7 1 10 10 12 1 1 8 1 10 12 1 8 1 8 1 10 12 1 1 10 12 1 1 10 12 1 10 10 12 1 10 12 1 1 10 12 1 1 10 7 12 1 1 10 12 1 10 12 1 10 12 1 8 1 10 12 1 8 1 10 12 1 8 1 8 1 10 12 1 1 10 7 12 1 1 1 18 12 1 1 11 7 12 1 1 1 8 1 8 1 8 1 10 7 12 1 1 1 11 12 1 1 7 1 8 1 10 12 1 11 100 12 1 1 1 10 12 1 1 11 8 1 18 8 1 10 12 1 10 7 12 1 1 10 7 12 1 1 1 10 12 1 1 10 7 12 1 1 1 9 100 12 1 1 1 10 100 12 1 1 1 10 7 12 1 1 1 10 12 1 1 18 12 1 1 10 7 12 1 1 1 10 7 12 1 1 10 12 1 1 10 7 1 100 1 10 12 1 1 9 12 1 1 7 1 8 1 10 12 1 10 12 1 1 10 12 1 1 10 7 12 1 1 1 7 1 10 12 1 7 1 7 1 10 10 12 1 1 10 12 1 1 100 1 10 100 12 1 1 1 10 12 1 1 10 12 1 1 9 12 1 1 10 12 1 10 12 1 10 12 1 1 9 12 1 1 9 12 1 1 10 12 1 1 10 7 1 10 12 1 10 12 1 10 12 1 1 10 9 12 1 10 12 1 8 1 10 12 1 1 10 12 1 1 10 12 1 10 12 1 1 10 12 1 1 10 12 1 1 9 7 12 1 1 1 10 7 12 1 1 10 12 10 12 1 10 12 1 1 10 100 12 1 1 10 12 1 10 12 1 1 10 100 12 1 1 1 10 12 1 10 12 1 1 10 12 1 10 12 1 10 12 1 1 10 7 1 10 10 10 12 1 1 10 12 1 1 10 12 10 12 1 1 100 1 8 1 10 10 12 1 1 10 12 1 100 1 11 12 1 10 100 12 1 1 10 12 1 10 12 1 10 100 12 1 1 10 10 12 1 1 8 1 10 12 1 10 12 1 1 8 1 9 12 1 10 12 1 10 12 1 10 12 1 10 12 100 1 9 12 1 10 12 1 9 12 1 10 12 1 10 12 1 10 12 1 10 10 12 1 10 12 1 10 12 1 10 12 1 10 12 1 10 12 1 100 1 10 12 1 10 12 1 1 10 12 1 1 10 12 1 1 10 12 1 1 10 12 1 1 10 12 1 1 7 1 10 10 12 1 1 10 12 1 1 10 12 1 1 10 10 12 1 10 12 1 1 10 12 1 1 10 12 1 1 10 12 1 1 7 1 10 10 12 11 100 12 1 1 10 12 1 1 10 12 1 10 7 12 1 1 1 10 12 1 1 10 10 12 1 1 100 1 10 10 12 1 1 10 100 12 1 1 1 100 1 7 1 10 12 1 1 10 12 1 10 10 12 1 1 10 12 1 10 12 1 10 12 1 10 100 12 1 1 1 11 7 12 1 1 10 12 1 10 12 1 9 12 1 10 12 1 1 10 12 1 9 12 1 1 100 1 10 9 12 1 1 10 12 100 1 10 12 1 9 12 1 10 100 12 1 1 1 10 12 1 10 12 1 10 100 12 1 1 1 10 12 1 10 12 10 12 1 1 100 1 10 8 1 10 12 1 11 11 12 1 1 11 7 12 1 1 11 12 1 8 1 10 12 1 10 12 1 1 9 12 1 9 12 1 1 10 7 12 1 1 9 12 1 10 12 1 1 10 10 12 1 10 7 12 1 1 1 10 7 12 1 1 10 7 12 1 1 9 12 1 1 10 12 1 9 12 1 10 12 1 10 12 1 1 9 12 1 1 9 12 1 10 12 1 10 12 1 1 9 12 1 7 1 10 10 12 1 1 7 1 10 12 1 1 7 11 100 1 9 12 1 1 9 12 1 100 1 10 12 1 9 12 1 1 9 12 1 10 12 1 10 12 1 1 9 12 1 7 1 10 10 12 1 1 10 10 12 1 1 10 12 10 10 12 1 9 12 1 10 12 1 1 10 7 12 1 1 1 10 12 1 1 10 12 1 8 10 7 8 1 18 8 1 8 1 10 12 1 9 12 1 9 12 1 1 10 12 1 7 1 7 1 10 12 1 9 12 1 1 7 1 10 10 12 1 10 7 1 9 12 1 8 1 10 12 1 7 1 10 12 1 10 12 1 1 9 12 1 100 1 8 1 10 7 1 4 10 10 12 11 7 12 1 1 1 10 12 1 100 1 10 12 1 1 10 8 1 8 1 10 12 1 1 9 7 12 1 1 11 12 7 1 11 7 12 1 1 9 12 1 10 100 12 1 1 1 10 7 12 1 1 10 12 1 1 9 12 1 9 10 12 1 1 10 12 1 1 10 12 1 1 10 12 1 1 10 12 1 1 11 12 1 100 1 11 12 1 10 100 12 1 1 1 10 12 1 100 1 11 12 1 10 100 12 1 1 1 10 12 1 10 11 12 1 11 12 1 1 10 12 1 10 12 1 1 9 12 1 1 9 7 12 1 1 10 12 1 10 7 12 1 1 1 10 12 1 1 10 12 1 10 12 1 10 12 1 10 7 12 1 1 1 10 12 1 8 1 10 12 1 10 12 1 10 12 1 10 100 12 1 1 1 11 100 12 1 1 1 10 12 1 1 10 12 1 18 12 1 1 11 12 1 1 18 11 12 1 18 12 1 11 12 1 10 12 1 1 10 12 1 10 12 1 10 12 10 12 1 8 1 10 12 1 7 1 9 12 1 1 100 1 100 1 100 1 100 1 100 1 1 1 3 1 3 1 3 1 1 1 1 1 1 1 5 0 1 1 1 1 1 1 1 1 1 1 1 1 1 1 1 1 1 1 1 1 1 1 1 100 1 1 1 1 1 1 1 100 1 1 1 1 1 1 7 1 1 1 1 1 1 1 1 1 1 1 1 1 1 1 1 1 1 1 1 1 1 1 1 1 1 1 1 1 1 1 1 1 1 1 1 1 1 100 1 1 1 1 1 1 1 1 1 1 1 1 1 1 1 1 1 1 1 1 1 1 1 1 1 1 1 1 100 1 1 1 1 1 1 1 1 1 1 1 1 1 1 1 1 1 1 1 1 1 1 1 1 1 1 1 1 1 1 1 1 1 1 1 1 1 1 1 1 1 1 1 1 1 1 1 1 1 1 1 1 1 100 1 100 1 1 1 1 1 1 1 1 1 1 1 1 1 1 1 1 1 1 1 1 1 1 1 1 1 1 1 1 1 1 1 1 1 1 1 1 1 1 1 1 1 1 1 1 1 1 1 1 1 1 1 1 1 1 1 1 1 1 1 1 1 1 1 100 1 1 1 1 1 1 1 1 1 1 1 1 1 1 1 1 1 1 1 1 1 1 1 1 1 1 1 1 1 1 1 1 1 1 1 1 1 1 1 1 1 1 1 1 1 1 1 1 1 1 1 1 1 1 1 1 1 1 1 1 1 1 1 1 1 1 1 1 15 10 7 12 1 1 1 16 15 10 12 16 15 11 12 16 1 16 15 16 15 10 12 16 16 15 10 12 16 15 16 1 15 10 12 16 1 1 1 1 1 1 1 1 100 1 1 100 1 100 1 1 100 1 100 1 1
staticfield java/lang/Class EMPTY_CLASS_ARRAY [Ljava/lang/Class; 0 [Ljava/lang/Class;
staticfield java/lang/Class serialPersistentFields [Ljava/io/ObjectStreamField; 0 [Ljava/io/ObjectStreamField;
ciInstanceKlass java/io/Serializable 1 0 7 100 1 100 1 1 1
instanceKlass jdk/internal/vm/vector/VectorSupport$VectorShuffle
instanceKlass jdk/internal/vm/vector/VectorSupport$VectorMask
instanceKlass jdk/internal/vm/vector/VectorSupport$Vector
ciInstanceKlass jdk/internal/vm/vector/VectorSupport$VectorPayload 0 0 32 10 100 12 1 1 1 9 100 12 1 1 1 10 100 12 1 1 1 1 1 1 1 1 1 1 1 1 1 1 1 1
ciInstanceKlass jdk/internal/vm/vector/VectorSupport$VectorShuffle 0 0 28 10 100 12 1 1 1 100 1 1 1 1 1 1 1 1 1 1 1 1 1 1 1 100 1 1 1 1
ciInstanceKlass jdk/internal/vm/vector/VectorSupport$VectorMask 0 0 28 10 100 12 1 1 1 100 1 1 1 1 1 1 1 1 1 1 1 1 1 1 1 100 1 1 1 1
ciInstanceKlass jdk/internal/vm/vector/VectorSupport$Vector 0 0 28 10 100 12 1 1 1 100 1 1 1 1 1 1 1 1 1 1 1 1 1 1 1 100 1 1 1 1
ciInstanceKlass jdk/internal/vm/vector/VectorSupport 0 0 487 100 1 10 100 12 1 1 1 9 12 1 1 10 12 1 1 100 1 10 12 1 11 100 12 1 1 1 11 100 12 1 1 1 11 100 12 1 1 11 100 12 1 1 1 11 100 1 100 1 10 12 1 1 11 100 12 1 1 11 100 12 1 1 100 1 11 100 12 1 1 11 100 12 1 1 11 100 12 1 1 1 11 100 12 1 1 1 11 100 12 1 1 1 11 100 12 1 1 1 100 1 10 12 1 1 11 100 12 1 1 100 1 11 100 12 1 1 11 100 12 1 1 11 100 12 1 1 11 100 1 100 1 9 12 1 1 10 100 12 1 1 11 100 12 1 1 10 12 1 1 10 100 12 1 1 1 10 12 1 10 12 1 1 10 12 1 1 1 1 1 3 1 3 1 3 1 3 1 3 1 3 1 3 1 3 1 3 1 3 1 3 1 3 1 3 1 3 1 3 1 3 1 3 1 3 1 3 1 3 1 3 1 3 1 3 1 3 1 3 1 3 1 3 1 3 1 3 1 3 1 3 1 3 1 3 1 3 1 3 1 3 1 3 1 3 1 3 1 1 1 1 1 3 1 1 1 1 1 1 3 1 1 1 1 1 1 1 1 1 1 1 1 1 1 1 1 1 1 1 1 1 1 1 1 1 1 1 1 1 1 1 1 1 1 1 1 1 1 1 1 1 1 1 1 1 1 1 1 1 1 1 1 1 1 1 1 1 1 1 1 1 1 1 1 1 1 1 1 1 1 1 1 1 1 1 1 1 1 1 1 1 1 1 1 1 1 1 1 1 1 1 1 1 1 1 1 1 1 1 1 1 1 1 1 1 1 1 1 1 1 1 1 1 1 1 1 1 1 1 1 1 1 1 1 1 1 1 1 1 1 1 1 1 1 1 1 1 1 1 1 1 1 1 1 1 1 1 1 1 1 1 1 1 1 1 1 1 1 1 1 1 1 1 1 1 1 1 1 1 1 1 1 1 1 1 1 1 1 1 1 1 1 1 1 1 1 1 1 1 1 1 1 1 1 1 1 1 1 1 100 1 100 1 1 1 1 1 1 1 1 1 1 1 1 1 1 1 1 1 1 1 1 1 1 1 1
ciInstanceKlass java/lang/reflect/RecordComponent 0 0 196 10 100 12 1 1 1 9 100 12 1 1 1 9 12 1 1 9 12 1 10 12 1 1 10 12 1 1 10 100 12 1 1 1 10 12 1 1 9 12 1 1 10 12 1 1 10 12 1 1 10 12 1 10 100 12 1 1 10 100 12 1 1 9 12 1 1 10 100 12 1 1 1 11 100 12 1 1 1 10 9 100 12 1 1 1 10 100 12 1 1 1 9 12 1 1 10 100 12 1 1 1 10 12 1 1 11 100 12 1 1 10 100 12 1 1 100 1 9 12 1 9 12 1 1 9 12 1 10 100 12 1 1 1 10 12 1 1 10 12 1 1 100 1 10 10 12 1 10 12 1 1 8 1 10 12 1 10 12 1 9 12 1 100 1 1 1 1 1 1 1 1 1 1 1 1 1 1 1 1 1 1 1 1 1 1 100 1 1 1 1 1 1 100 1 1
ciInstanceKlass java/util/Iterator 1 1 53 100 1 8 1 10 12 1 1 10 7 12 1 1 1 11 7 12 1 1 1 11 12 1 1 11 7 12 1 1 1 100 1 1 1 1 1 1 1 1 1 1 1 1 1 1 1 1 1 1 1 1 1
ciInstanceKlass java/lang/System 1 1 803 10 100 12 1 1 1 9 7 12 1 1 1 10 12 1 10 12 1 1 10 12 1 1 10 12 1 9 12 1 1 10 7 12 1 1 1 11 100 12 1 1 1 10 100 12 1 1 1 10 12 1 1 10 12 1 1 100 1 8 1 10 12 1 10 100 12 1 1 1 10 100 12 1 1 1 18 12 1 1 10 100 12 1 1 1 100 1 10 12 1 1 10 100 12 1 1 1 10 12 1 10 7 12 1 1 1 9 100 12 1 1 1 10 100 12 1 1 1 11 7 12 1 1 1 10 12 1 1 10 100 12 1 1 1 100 1 10 10 12 1 1 8 1 10 12 1 8 1 10 12 1 9 12 1 1 8 1 10 7 12 1 1 1 10 12 1 1 100 1 8 1 10 9 12 1 1 8 1 10 12 1 1 10 100 12 1 1 1 8 1 10 12 1 100 1 10 12 1 8 1 10 12 1 10 12 1 1 100 1 10 12 10 12 1 9 12 1 1 9 12 1 1 10 7 12 1 1 1 10 7 12 1 1 1 10 12 1 1 10 12 1 10 12 1 10 7 12 1 1 1 10 12 1 100 1 100 1 8 1 10 12 1 10 12 1 1 7 1 10 12 1 100 1 8 1 10 10 12 1 100 1 8 1 10 8 1 10 7 12 1 1 8 1 10 12 100 1 8 1 10 10 12 1 1 10 100 12 1 1 1 100 1 18 12 1 100 1 9 100 12 1 1 1 10 12 1 100 1 10 12 1 1 10 12 1 1 10 7 12 1 1 1 10 12 1 1 10 12 1 10 12 1 10 12 1 1 10 12 1 7 1 10 12 1 10 12 1 100 1 10 12 1 10 7 12 1 1 1 100 1 8 1 10 9 12 1 9 12 1 10 12 1 10 100 12 1 1 10 12 1 10 12 1 1 8 1 10 12 1 1 8 1 11 12 1 10 12 11 12 1 1 11 7 12 1 1 1 11 7 12 1 1 11 12 1 1 7 1 11 12 1 10 12 1 8 1 10 12 1 1 8 1 8 1 8 1 8 1 11 12 1 10 12 1 10 12 1 10 12 1 10 7 12 1 1 8 1 7 1 9 7 12 1 1 1 10 12 1 7 1 9 12 10 9 12 7 1 10 12 8 1 10 12 1 1 8 1 10 7 12 1 1 10 12 1 10 7 12 1 1 1 10 12 1 1 10 7 12 1 1 1 10 12 10 7 12 1 1 1 9 12 1 1 100 1 8 1 10 12 1 1 10 7 12 1 1 1 7 1 10 12 1 1 8 1 10 8 1 8 1 8 1 8 1 10 10 7 12 1 1 10 12 1 1 10 12 1 1 10 12 1 1 10 12 1 10 100 12 1 1 1 10 100 1 8 1 10 10 10 12 1 1 10 12 1 1 8 1 10 12 1 8 1 10 12 1 10 12 1 1 7 1 10 10 12 1 10 12 1 9 12 1 1 1 3 1 3 1 1 1 1 1 1 1 1 1 1 1 1 100 1 1 7 1 1 1 1 1 1 1 1 1 1 1 100 1 100 1 1 1 1 1 1 1 1 1 1 1 1 1 1 1 1 1 1 1 1 1 1 1 1 1 1 1 1 1 1 1 1 1 1 1 1 1 1 1 1 1 1 1 1 1 1 1 1 1 1 1 1 1 1 1 1 1 1 100 1 1 1 1 1 1 1 1 1 1 1 1 1 1 1 1 1 1 1 1 1 1 1 1 1 1 1 1 1 1 1 1 1 100 1 1 15 10 100 12 1 1 1 16 15 10 12 1 1 16 15 10 12 16 1 1 1 1 1 1 1 100 1 100 1 1
staticfield java/lang/System in Ljava/io/InputStream; java/io/BufferedInputStream
staticfield java/lang/System out Ljava/io/PrintStream; java/io/PrintStream
staticfield java/lang/System err Ljava/io/PrintStream; java/io/PrintStream
instanceKlass io/github/classgraph/ClassGraphClassLoader
instanceKlass net/bytebuddy/utility/dispatcher/JavaDispatcher$DynamicClassLoader
instanceKlass jdk/internal/reflect/DelegatingClassLoader
instanceKlass java/security/SecureClassLoader
ciInstanceKlass java/lang/ClassLoader 1 1 1098 9 7 12 1 1 1 10 7 12 1 1 1 9 12 1 1 10 7 12 1 1 1 7 1 10 12 1 1 10 12 1 1 9 12 1 1 10 12 1 1 100 1 10 12 1 10 12 1 1 10 7 12 1 1 1 100 1 8 1 10 12 1 10 7 12 1 1 1 10 100 12 1 10 7 1 10 7 1 7 1 7 1 10 12 1 10 12 1 9 12 1 1 10 10 7 12 1 1 1 9 12 1 1 9 12 1 9 12 1 1 9 12 1 9 12 1 1 9 12 1 1 7 1 10 12 1 9 12 1 1 10 12 1 1 10 7 12 1 1 1 9 12 1 9 12 1 1 9 12 1 10 12 1 1 9 12 10 12 1 1 7 1 10 8 1 10 12 1 1 10 12 1 10 7 1 7 1 10 12 1 1 10 7 12 1 1 1 8 1 10 12 1 10 12 1 10 12 1 1 10 12 1 1 10 12 1 1 10 12 1 1 10 12 1 1 10 12 1 7 1 10 12 1 10 100 12 1 1 1 10 12 1 1 10 12 1 10 12 1 10 12 1 10 12 1 10 12 1 1 10 10 12 1 10 12 1 10 100 12 1 1 10 12 1 1 10 12 1 1 10 12 1 100 1 10 12 1 100 1 10 12 1 10 100 12 1 1 1 10 10 12 1 1 10 12 1 1 100 1 8 1 10 8 1 10 12 1 10 12 1 100 1 8 1 10 12 1 1 10 12 1 1 10 10 12 1 1 10 12 1 1 10 12 1 1 10 7 1 10 12 1 1 10 12 1 1 10 12 1 1 10 12 1 1 10 12 1 1 10 12 1 1 10 12 1 10 7 12 1 1 1 10 12 1 10 12 1 10 12 1 1 10 12 1 10 12 1 10 12 1 10 12 1 1 10 12 1 10 12 1 1 8 1 9 12 1 10 12 1 1 8 1 8 1 10 7 12 1 1 100 1 10 10 12 10 12 1 10 12 1 10 12 1 10 12 1 1 10 7 12 1 1 10 12 1 10 7 1 7 1 10 12 1 1 10 12 1 10 7 1 10 12 1 100 1 18 12 1 10 100 12 1 1 1 10 100 12 1 1 1 10 7 12 1 1 10 12 1 1 10 12 1 10 12 1 1 7 1 10 12 1 10 12 1 1 10 7 12 1 1 10 12 1 8 1 100 1 10 10 12 1 9 12 1 10 7 12 1 1 10 12 1 100 1 8 1 10 12 1 10 8 1 8 1 10 12 1 1 10 12 1 1 10 12 1 1 10 100 12 1 1 1 100 1 100 1 10 12 1 1 100 1 100 1 10 100 12 1 1 10 12 1 10 12 1 1 10 12 1 10 12 1 1 10 12 1 1 9 100 12 1 1 1 10 12 1 1 10 12 1 10 12 1 10 12 1 1 10 12 1 8 1 10 12 1 7 1 18 12 1 1 10 12 1 1 10 12 1 10 12 1 10 12 1 8 1 10 12 1 10 12 1 18 12 1 11 100 12 1 1 1 100 1 10 12 1 1 10 12 1 10 11 12 1 1 10 18 10 12 1 1 11 100 12 1 18 12 1 11 12 1 1 10 12 10 12 1 1 10 12 1 1 100 1 8 1 10 10 12 1 8 1 8 1 10 100 12 1 1 10 12 1 100 1 10 10 12 1 8 1 8 1 8 1 10 12 1 10 12 1 1 10 12 1 10 100 12 1 1 1 11 100 12 1 1 100 1 10 11 10 12 1 10 12 1 10 12 1 1 9 100 12 1 1 9 12 1 1 9 12 9 12 1 9 12 1 9 12 1 8 10 12 1 1 10 7 12 1 1 1 10 12 1 1 10 12 1 1 10 12 1 10 10 12 1 11 12 1 1 10 100 12 1 1 1 100 1 10 12 1 10 12 1 10 12 1 1 1 1 1 1 1 1 1 1 1 1 1 1 1 1 1 1 1 1 1 1 1 1 1 1 1 1 100 1 1 1 1 1 1 1 1 1 1 1 1 1 1 1 1 1 1 1 1 1 100 1 1 1 1 1 1 1 1 1 1 7 1 1 1 1 1 1 1 1 1 1 1 1 1 1 1 1 1 1 1 1 1 1 1 1 1 1 1 1 1 1 1 1 1 1 1 1 1 1 1 1 1 100 1 1 1 1 1 1 1 1 1 1 1 1 1 1 1 1 1 1 100 1 1 1 1 1 1 1 1 1 1 1 1 1 1 1 1 1 1 1 1 1 1 1 1 1 1 1 1 1 1 1 1 1 1 1 1 1 1 1 1 1 1 1 1 1 1 1 1 1 1 1 100 1 1 1 1 1 1 1 1 1 1 1 1 1 1 1 1 1 1 1 1 1 1 1 1 1 1 1 1 1 1 1 1 1 1 1 1 1 1 1 1 1 1 1 1 1 1 15 10 100 12 1 1 1 16 1 15 10 12 16 1 16 15 10 12 16 1 16 1 15 10 12 16 15 10 12 16 15 10 12 16 1 1 100 1 100 1 1
staticfield java/lang/ClassLoader nocerts [Ljava/security/cert/Certificate; 0 [Ljava/security/cert/Certificate;
staticfield java/lang/ClassLoader $assertionsDisabled Z 1
ciInstanceKlass jdk/internal/reflect/DelegatingClassLoader 1 1 18 10 7 12 1 1 1 100 1 1 1 1 1 1 1 1 1 1
instanceKlass jdk/internal/loader/Loader
instanceKlass jdk/internal/loader/BuiltinClassLoader
ciInstanceKlass java/security/SecureClassLoader 1 1 102 10 7 12 1 1 1 7 1 10 12 1 9 7 12 1 1 1 10 12 1 10 12 1 10 12 1 1 10 12 1 1 10 12 1 7 1 10 7 1 10 12 1 7 1 10 12 1 11 7 12 1 1 1 7 1 11 12 1 10 12 1 1 1 1 1 1 1 1 1 1 1 1 1 1 1 1 1 1 1 1 1 1 1 1 1 1 1 1 1 1 1 1 1 1 1 1 100 1 1 1 1
instanceKlass jdk/internal/loader/ClassLoaders$BootClassLoader
instanceKlass jdk/internal/loader/ClassLoaders$PlatformClassLoader
instanceKlass jdk/internal/loader/ClassLoaders$AppClassLoader
ciInstanceKlass jdk/internal/loader/BuiltinClassLoader 1 1 737 9 7 12 1 1 1 10 7 12 1 1 1 10 7 12 1 1 1 9 12 1 1 9 12 1 1 7 1 10 12 1 9 12 1 10 12 1 9 12 1 10 7 12 1 1 1 10 7 12 1 1 1 10 7 12 1 1 1 11 7 12 1 1 1 100 1 100 1 10 10 12 1 1 8 1 10 12 1 10 12 7 1 10 12 1 10 12 1 1 11 7 12 1 1 1 11 7 12 1 1 1 11 12 1 1 7 1 8 1 8 1 10 9 12 1 1 10 7 12 1 1 11 12 1 1 10 12 1 1 10 12 1 1 10 12 1 1 10 7 12 1 1 1 10 12 1 10 100 12 1 1 1 10 12 1 1 11 7 12 1 1 1 10 7 12 1 1 7 1 10 7 12 1 1 1 10 12 1 7 1 8 1 10 12 1 1 10 8 1 10 12 1 1 10 12 1 1 10 12 1 1 11 7 12 1 1 11 12 1 7 1 10 11 12 1 1 11 10 12 1 1 7 1 10 12 1 10 7 12 1 10 12 1 7 1 10 12 1 10 7 12 1 1 1 100 1 10 12 1 1 11 12 1 100 1 100 1 10 12 1 10 12 1 1 100 1 100 1 10 12 1 10 12 1 18 12 1 1 10 12 1 10 12 1 1 18 100 1 10 7 12 1 1 1 7 1 10 10 12 1 1 10 12 1 1 10 12 1 1 10 12 1 9 12 1 1 100 1 10 10 12 1 1 10 12 1 1 10 12 1 10 12 10 12 1 1 10 12 1 1 10 12 1 1 10 12 1 10 12 1 1 18 12 1 7 1 10 12 1 1 10 12 1 10 12 1 1 10 12 1 100 1 10 12 1 7 1 10 12 1 10 7 12 1 1 1 10 12 1 11 12 1 7 1 10 12 1 7 1 100 1 10 12 1 10 12 1 11 12 1 1 10 12 1 1 10 12 1 1 10 12 1 1 10 12 1 1 10 12 1 10 12 1 10 12 1 10 12 1 8 1 10 12 1 1 10 7 12 1 1 10 12 1 100 1 8 1 8 1 10 10 12 1 8 1 8 1 10 7 12 1 1 1 11 7 12 1 1 1 9 7 12 1 1 1 10 7 12 1 1 1 9 12 1 9 12 1 9 12 1 9 12 1 9 12 1 9 12 1 10 7 12 1 1 1 8 1 10 12 1 7 1 10 12 1 1 10 12 1 7 1 10 11 12 1 1 10 12 10 12 1 10 12 1 100 1 10 12 1 10 12 1 10 10 12 1 10 7 12 1 1 8 1 10 7 12 1 1 10 12 1 1 1 1 1 1 1 1 1 1 1 1 1 1 1 1 1 1 1 1 1 1 1 1 1 1 1 1 1 1 1 1 1 1 1 1 1 1 1 1 1 1 1 1 1 1 1 1 1 1 1 1 1 1 1 1 100 1 1 1 1 1 1 1 1 1 1 1 1 1 1 1 1 1 1 100 1 100 1 1 1 1 1 1 1 1 1 1 1 1 1 1 1 1 1 1 1 1 1 1 1 1 1 1 1 1 1 1 1 1 1 1 1 1 1 1 1 1 1 1 1 1 1 1 1 1 1 1 1 100 1 1 15 10 100 12 1 1 1 16 15 10 12 16 15 10 12 16 15 10 12 16 1 1 1 100 1 1 1 1 1 100 1 100 1 1
staticfield jdk/internal/loader/BuiltinClassLoader packageToModule Ljava/util/Map; java/util/concurrent/ConcurrentHashMap
staticfield jdk/internal/loader/BuiltinClassLoader $assertionsDisabled Z 1
ciInstanceKlass java/security/AccessController 1 1 295 10 100 12 1 1 1 10 7 12 1 1 1 10 7 12 1 1 1 10 12 1 1 10 12 1 1 10 7 12 1 1 1 10 12 1 1 10 12 1 10 12 1 1 10 12 1 100 1 8 1 10 12 1 10 12 1 10 12 1 1 10 12 1 7 1 7 1 10 12 1 1 10 12 1 10 12 1 10 12 1 1 10 7 12 1 1 1 10 12 1 1 9 100 12 1 1 1 10 100 12 1 1 1 10 12 1 10 12 1 9 100 12 1 1 1 10 12 1 10 12 1 1 9 12 1 1 10 100 1 10 11 7 12 1 1 1 10 7 12 1 1 11 7 1 7 1 10 12 1 10 12 1 10 12 1 8 1 10 12 1 1 8 1 10 100 12 1 1 1 8 1 100 1 10 10 12 1 1 10 12 1 10 7 12 1 1 1 10 12 1 8 1 10 100 12 1 1 8 1 8 1 10 12 1 8 1 10 12 1 10 12 1 1 10 12 1 1 1 1 1 1 1 1 1 1 1 1 1 1 1 1 1 1 1 1 1 1 1 1 1 1 1 1 100 1 1 1 1 1 1 1 1 1 1 1 1 1 1 1 1 1 1 1 1 1 1 1 1 1 1 1 1 1 1 1 1 1 1 100 1 7 1 1 1 1 1 1 1 1 1 3 1 1 1
staticfield java/security/AccessController $assertionsDisabled Z 1
instanceKlass jdk/internal/reflect/GeneratedConstructorAccessor3
instanceKlass jdk/internal/reflect/GeneratedConstructorAccessor2
instanceKlass jdk/internal/reflect/SerializationConstructorAccessorImpl
instanceKlass jdk/internal/reflect/BootstrapConstructorAccessorImpl
instanceKlass jdk/internal/reflect/GeneratedConstructorAccessor1
instanceKlass jdk/internal/reflect/DelegatingConstructorAccessorImpl
instanceKlass jdk/internal/reflect/NativeConstructorAccessorImpl
ciInstanceKlass jdk/internal/reflect/ConstructorAccessorImpl 1 1 27 10 7 12 1 1 1 100 1 100 1 1 1 1 1 1 1 1 1 100 1 100 1 100 1 1 1
instanceKlass jdk/internal/reflect/FieldAccessorImpl
instanceKlass jdk/internal/reflect/ConstructorAccessorImpl
instanceKlass jdk/internal/reflect/MethodAccessorImpl
ciInstanceKlass jdk/internal/reflect/MagicAccessorImpl 1 1 16 10 7 12 1 1 1 100 1 1 1 1 1 1 1 1
instanceKlass jdk/internal/reflect/GeneratedMethodAccessor14
instanceKlass jdk/internal/reflect/GeneratedMethodAccessor13
instanceKlass jdk/internal/reflect/GeneratedMethodAccessor12
instanceKlass jdk/internal/reflect/GeneratedMethodAccessor11
instanceKlass jdk/internal/reflect/GeneratedMethodAccessor10
instanceKlass jdk/internal/reflect/GeneratedMethodAccessor9
instanceKlass jdk/internal/reflect/GeneratedMethodAccessor8
instanceKlass jdk/internal/reflect/GeneratedMethodAccessor7
instanceKlass jdk/internal/reflect/GeneratedMethodAccessor6
instanceKlass jdk/internal/reflect/GeneratedMethodAccessor5
instanceKlass jdk/internal/reflect/GeneratedMethodAccessor4
instanceKlass jdk/internal/reflect/GeneratedMethodAccessor3
instanceKlass jdk/internal/reflect/GeneratedMethodAccessor2
instanceKlass jdk/internal/reflect/GeneratedMethodAccessor1
instanceKlass jdk/internal/reflect/DelegatingMethodAccessorImpl
instanceKlass jdk/internal/reflect/NativeMethodAccessorImpl
ciInstanceKlass jdk/internal/reflect/MethodAccessorImpl 1 1 25 10 7 12 1 1 1 100 1 100 1 1 1 1 1 1 1 1 1 100 1 100 1 1 1
ciInstanceKlass java/lang/Module 1 1 959 10 7 12 1 1 1 9 7 12 1 1 1 10 7 12 1 1 1 9 12 1 9 12 1 1 9 12 1 1 10 12 1 1 10 12 1 10 12 1 1 10 7 12 1 1 1 7 1 10 7 12 1 1 1 10 12 1 1 11 7 12 1 1 1 10 12 1 1 10 7 12 1 1 1 10 12 1 1 10 7 12 1 1 1 9 100 12 1 1 1 10 100 12 1 1 1 10 12 1 8 1 10 7 12 1 1 1 10 7 12 1 1 1 9 12 1 1 9 12 1 1 10 12 1 9 12 1 1 11 12 1 9 7 12 1 1 10 7 12 1 1 1 10 100 12 1 1 1 10 12 1 1 100 1 7 1 10 10 12 1 1 8 1 10 12 1 10 12 10 12 1 10 12 1 1 10 12 1 1 10 12 1 1 9 7 12 1 1 1 10 12 1 1 10 12 1 1 9 12 1 10 12 1 10 12 1 9 12 1 1 11 7 12 1 1 10 12 1 1 9 12 1 9 12 1 10 12 1 10 12 1 100 1 8 1 10 10 12 1 1 10 12 1 8 1 10 12 1 1 8 1 8 1 10 12 1 1 10 12 1 10 12 1 1 18 12 1 1 10 12 1 1 11 12 1 9 12 1 11 12 10 100 12 1 1 100 1 8 1 10 7 1 11 12 1 1 10 12 1 10 12 1 10 12 1 1 11 12 1 1 11 7 12 1 1 11 12 1 1 9 12 1 11 12 1 10 12 1 1 10 12 1 1 9 12 1 10 12 10 7 12 1 1 10 7 12 1 1 10 7 1 18 12 1 1 11 100 12 1 1 1 18 12 1 11 12 1 1 10 100 12 1 1 1 11 12 1 1 10 7 12 1 1 4 7 1 11 12 1 7 1 7 1 10 10 7 12 1 1 1 10 11 7 12 1 8 1 10 10 12 1 1 10 7 12 1 1 10 12 1 10 12 1 7 1 10 12 1 10 11 12 1 1 10 12 10 12 1 1 9 12 1 100 1 10 10 12 1 1 11 100 1 10 12 1 1 11 12 1 10 10 12 1 11 10 12 1 1 10 12 1 1 10 12 1 1 10 7 12 1 1 10 12 1 10 12 1 1 10 10 12 1 1 10 12 1 18 12 1 11 12 1 18 12 1 10 12 1 10 12 1 10 12 7 1 10 12 1 10 12 1 10 12 1 9 12 1 7 1 10 10 10 10 12 1 10 12 1 10 12 1 10 12 1 1 10 12 1 1 10 12 1 9 12 1 18 12 1 1 10 100 12 1 1 1 100 1 8 1 10 12 1 1 10 12 1 1 10 100 12 1 1 100 1 10 12 1 1 100 1 8 1 100 1 10 100 1 100 1 3 10 12 1 100 1 10 12 1 10 12 1 1 10 12 1 1 100 1 10 12 1 10 12 1 1 100 1 100 1 10 12 8 1 10 12 1 1 10 12 1 1 10 100 12 1 1 10 12 1 1 10 12 1 10 12 10 12 1 1 100 1 10 10 12 1 1 10 100 12 1 1 1 100 1 8 1 10 12 1 1 10 7 12 1 1 8 1 10 12 1 8 1 10 12 1 10 12 10 12 1 8 1 10 10 100 12 1 1 7 1 10 10 12 1 10 7 12 1 1 9 12 1 9 12 1 9 12 1 9 12 1 10 12 11 12 1 10 12 1 100 1 1 1 1 1 1 1 1 1 1 1 1 1 1 1 1 100 1 1 1 1 1 1 1 1 1 1 1 1 1 1 1 1 1 1 1 1 1 1 1 1 1 1 1 1 1 1 1 1 1 1 1 1 1 1 1 1 1 1 1 1 1 1 1 1 1 1 1 1 1 1 1 1 1 1 1 1 1 1 1 1 1 1 1 1 1 1 1 1 1 1 1 1 1 1 1 1 1 1 1 100 100 1 1 1 1 1 1 1 1 1 1 1 1 1 1 1 1 1 1 1 1 1 1 1 1 1 1 1 1 1 1 1 1 1 1 100 1 100 1 7 1 1 1 1 1 1 1 1 1 1 1 1 1 1 1 1 1 1 1 1 1 1 1 1 1 1 1 1 15 10 7 12 1 1 1 16 15 10 12 16 16 15 10 12 16 16 15 10 16 1 15 10 12 16 1 15 10 12 16 1 16 15 10 12 16 1 1 1 1 1 1 1 100 1 100 1 1
staticfield java/lang/Module ALL_UNNAMED_MODULE Ljava/lang/Module; java/lang/Module
staticfield java/lang/Module ALL_UNNAMED_MODULE_SET Ljava/util/Set; java/util/ImmutableCollections$Set12
staticfield java/lang/Module EVERYONE_MODULE Ljava/lang/Module; java/lang/Module
staticfield java/lang/Module EVERYONE_SET Ljava/util/Set; java/util/ImmutableCollections$Set12
staticfield java/lang/Module $assertionsDisabled Z 1
instanceKlass com/sun/istack/FinalArrayList
ciInstanceKlass java/util/ArrayList 1 1 492 10 7 12 1 1 1 7 1 9 7 12 1 1 1 9 12 1 100 1 100 1 10 8 1 10 12 1 1 10 12 1 10 12 1 1 10 12 1 9 12 1 11 7 12 1 1 1 9 12 1 1 10 12 1 1 7 10 7 12 1 1 1 9 12 1 10 12 1 10 12 1 1 10 7 12 1 1 1 10 7 12 1 1 1 10 12 1 1 10 12 1 1 10 12 1 1 10 12 1 10 12 1 1 100 1 100 1 10 12 1 10 7 12 1 1 1 10 7 12 1 1 10 12 1 10 12 10 12 1 1 10 12 1 1 10 12 1 1 100 1 10 12 1 1 10 12 1 1 10 12 1 100 1 10 11 12 1 1 11 100 12 1 1 1 11 12 1 10 12 1 10 12 1 10 12 1 1 100 1 10 12 1 1 10 10 12 1 1 10 12 1 8 1 8 1 8 1 8 1 10 12 1 1 10 12 1 1 11 12 1 100 1 10 100 12 1 1 10 12 1 10 12 1 1 10 100 12 1 1 10 12 1 10 100 12 1 1 1 11 100 12 1 1 1 10 12 1 100 1 8 1 10 7 1 10 12 1 7 1 10 12 1 10 12 1 1 7 1 10 12 1 10 12 1 1 11 7 12 1 1 7 1 10 12 1 10 12 1 1 11 7 12 1 1 10 12 1 1 10 12 1 1 10 12 1 1 10 12 1 1 11 100 12 1 1 10 12 1 1 100 1 100 1 100 1 1 1 1 5 0 1 3 1 1 1 1 1 1 1 1 1 1 1 1 1 1 1 1 1 1 1 1 1 1 1 1 1 1 1 1 1 1 1 1 1 1 1 1 1 1 1 1 1 1 1 1 1 1 1 1 1 1 1 1 1 1 1 1 1 1 1 1 1 1 1 1 1 1 1 1 1 1 1 1 1 1 1 1 1 1 1 1 1 1 1 1 1 1 1 1 1 1 1 1 1 1 1 1 100 1 1 1 1 100 1 1 1 1 1 1 1 1 1 1 1 1 1 1 1 1 1 1 1 1 1 1 1 1 1 1 1 1 1 100 1 1 1 1 1 1 1 1 1 1 1 1 1 1 1 1 1 1 100 1 100 1 1 1 1 1 1
staticfield java/util/ArrayList EMPTY_ELEMENTDATA [Ljava/lang/Object; 0 [Ljava/lang/Object;
staticfield java/util/ArrayList DEFAULTCAPACITY_EMPTY_ELEMENTDATA [Ljava/lang/Object; 0 [Ljava/lang/Object;
instanceKlass net/serenitybdd/core/sessions/TestSessionVariables
ciInstanceKlass java/util/concurrent/ConcurrentHashMap 1 1 1210 7 1 7 1 3 10 12 1 1 3 100 1 10 7 12 1 1 1 100 1 10 100 12 1 1 1 100 1 11 12 1 1 11 12 1 11 12 1 1 9 12 1 1 9 12 1 1 9 12 1 10 7 12 1 1 1 7 1 10 12 1 1 10 12 1 1 10 7 12 1 1 1 4 10 12 1 9 12 1 10 12 1 1 100 1 10 5 0 10 12 1 10 12 1 1 5 0 10 12 1 1 10 12 1 9 12 1 1 10 12 1 1 9 12 1 9 12 1 1 10 12 1 1 9 12 1 10 12 1 1 9 12 1 1 10 12 1 1 100 1 10 100 1 10 12 1 10 12 1 1 10 12 1 1 10 12 1 1 10 12 1 10 12 1 1 10 12 1 1 100 1 10 12 1 1 7 1 100 1 8 1 10 12 1 10 12 1 1 10 12 1 1 11 7 12 1 1 10 12 1 1 11 12 1 1 11 7 12 1 1 1 11 7 12 1 1 1 11 12 1 7 1 11 12 1 11 12 1 10 12 1 1 10 12 1 1 9 12 1 1 10 100 12 1 1 1 9 10 12 1 1 9 12 1 10 12 1 1 5 0 9 12 1 1 7 1 10 12 1 9 12 1 1 7 1 10 12 1 9 12 1 7 1 10 100 1 10 10 12 1 1 8 1 10 12 1 10 12 1 1 11 100 1 10 12 1 10 100 12 1 1 1 8 1 10 100 12 1 1 1 8 1 10 12 1 8 1 10 12 1 10 12 1 1 10 100 12 1 1 10 12 1 10 12 1 10 12 1 9 12 1 9 10 12 1 9 12 1 1 11 100 12 1 1 1 11 100 12 1 1 1 100 1 10 12 11 100 12 1 1 10 11 7 12 1 10 12 1 100 1 10 12 1 100 1 10 10 9 7 12 1 1 1 10 12 3 10 7 12 1 1 9 12 1 10 12 1 1 9 12 1 1 9 12 1 10 12 1 1 10 7 12 1 1 9 12 1 9 7 12 1 1 10 12 1 1 10 12 1 3 9 12 1 9 12 1 10 12 1 1 7 1 9 3 9 12 1 100 1 10 12 1 9 12 1 10 12 1 9 12 1 10 12 1 9 12 1 10 100 12 1 1 1 100 10 12 1 100 1 5 0 10 100 12 1 1 100 1 10 12 1 1 10 12 1 10 12 1 100 1 10 12 1 10 100 1 100 1 10 10 12 1 10 100 1 10 12 1 10 100 1 10 12 1 10 100 1 10 12 1 1 100 1 10 12 1 10 10 12 1 100 1 10 12 1 10 10 12 1 100 1 10 12 1 10 100 1 10 12 1 10 100 1 10 12 1 10 100 1 10 12 1 10 100 1 10 12 1 10 100 1 10 12 1 10 100 1 10 12 1 10 100 1 10 12 1 10 100 1 10 10 100 1 10 10 100 1 10 10 100 1 10 12 1 10 100 1 10 12 1 10 100 1 10 12 1 10 100 1 10 12 1 10 100 1 10 12 1 10 100 1 10 10 100 1 10 10 100 1 10 10 100 1 10 12 1 10 100 1 10 12 1 10 100 1 10 12 1 10 100 1 10 12 1 10 100 1 10 12 1 10 10 12 1 10 7 12 1 1 1 10 12 1 7 1 7 1 10 12 1 9 12 1 1 9 12 1 1 10 12 1 1 8 10 12 1 1 8 8 8 8 7 10 12 1 1 10 12 1 100 1 8 1 10 7 1 100 1 100 1 1 1 5 0 1 1 3 1 3 1 1 1 1 3 1 3 1 3 1 1 1 1 1 3 1 3 1 3 1 1 1 1 1 1 1 1 1 1 1 1 1 1 1 1 1 1 1 1 1 1 1 1 1 100 1 1 1 1 1 1 1 1 1 1 1 1 1 1 1 1 1 1 1 1 1 1 1 1 1 1 1 1 1 1 1 1 1 1 1 1 1 1 1 1 1 1 1 1 1 1 1 1 1 1 1 1 1 1 1 1 1 1 1 1 1 1 1 1 1 1 1 1 1 1 1 1 1 1 1 1 1 1 1 1 1 1 1 1 100 1 1 1 1 1 1 1 1 1 1 1 100 1 1 1 1 1 1 1 1 1 1 1 1 1 1 1 1 1 1 1 1 1 1 1 1 1 1 1 1 1 1 1 1 1 1 1 1 1 1 1 1 1 1 1 1 1 1 1 1 1 1 1 1 1 1 1 1 1 1 1 1 1 1 1 1 1 1 1 1 1 1 1 1 1 1 1 1 1 1 1 1 1 1 1 1 1 1 1 1 1 1 1 1 1 1 1 1 1 1 1 1 1 1 1 1 1 1 1 1 1 1 1 1 1 1 1 1 1 1 1 1 1 1 1 1 1 1 1 1 1 1 1 1 1 1 1 1 1 1 1 1 1 1 1 1 1 1 1 1 1 1 1 1 1 1 1 1 1 1 1 1 1 1 1 1 1 1 1 1 1 1 1 1 1 1 1 1 1 1 1 1 1 1 1 1 1 1 1 1 1 1 1 1 1 1 1 1 1 1 1 1 1 1 1 1 1 1 1 1 1 1 1 1 1 1 1 1 1 1 1 1 1 1 1 100 1 100 1 100 1 100 1 100 1 100 1 100 1 100 1 100 1 1 1 1 1 1 1 1 1 1 1 1 1 1 1 1 1 1 1 1 1 1 1 1 1 1 1 1 1 1 1 1 1 1 1 1 1 1 1 1 1 1 1 1 1 1 1 1 1 1 1 1 1 1 1 1 1 1
staticfield java/util/concurrent/ConcurrentHashMap NCPU I 12
staticfield java/util/concurrent/ConcurrentHashMap serialPersistentFields [Ljava/io/ObjectStreamField; 3 [Ljava/io/ObjectStreamField;
staticfield java/util/concurrent/ConcurrentHashMap U Ljdk/internal/misc/Unsafe; jdk/internal/misc/Unsafe
staticfield java/util/concurrent/ConcurrentHashMap SIZECTL J 20
staticfield java/util/concurrent/ConcurrentHashMap TRANSFERINDEX J 32
staticfield java/util/concurrent/ConcurrentHashMap BASECOUNT J 24
staticfield java/util/concurrent/ConcurrentHashMap CELLSBUSY J 36
staticfield java/util/concurrent/ConcurrentHashMap CELLVALUE J 144
staticfield java/util/concurrent/ConcurrentHashMap ABASE I 16
staticfield java/util/concurrent/ConcurrentHashMap ASHIFT I 2
ciInstanceKlass java/lang/String 1 1 1396 10 7 12 1 1 1 8 1 9 7 12 1 1 1 9 12 1 1 9 12 1 1 10 12 1 10 12 1 1 10 12 1 1 9 12 1 1 10 7 12 1 1 1 10 7 1 10 7 12 1 1 1 10 12 1 1 10 12 1 1 10 12 1 10 12 1 1 10 12 1 10 7 12 1 1 1 9 7 12 1 1 1 10 7 12 1 1 1 10 12 1 1 10 12 1 1 10 12 1 1 10 12 1 1 10 12 1 1 9 7 12 1 1 10 12 9 7 12 1 1 3 10 7 12 1 1 1 7 1 11 12 1 1 11 12 1 11 12 1 1 10 100 12 1 1 1 10 12 1 1 9 100 12 1 1 1 10 12 1 1 10 12 1 11 12 1 1 10 12 1 1 10 12 10 12 1 1 10 100 12 1 1 1 10 7 12 1 1 1 10 12 1 1 100 1 100 1 10 12 1 10 12 1 10 12 1 1 100 1 10 12 1 1 100 1 10 12 1 1 10 12 1 1 10 10 12 1 100 1 100 1 100 1 10 12 1 10 12 1 1 10 12 1 1 10 12 1 10 12 1 1 10 12 1 1 10 100 12 1 1 100 1 11 11 12 1 11 12 1 10 12 1 1 10 12 1 10 12 10 12 1 1 10 10 100 12 1 1 1 10 100 12 1 1 10 12 1 1 10 100 12 1 1 10 12 1 10 12 1 1 10 12 1 1 10 12 1 10 12 1 10 12 1 1 100 1 10 12 1 1 10 12 10 12 1 10 12 1 1 10 7 12 1 1 1 10 12 1 10 12 1 1 10 12 1 10 12 1 3 3 10 12 1 10 12 1 1 10 12 1 1 10 12 1 1 10 12 1 10 12 1 1 10 12 1 1 10 12 1 10 12 1 10 12 1 10 12 1 1 10 12 1 10 12 1 10 12 1 10 12 1 10 12 1 10 12 1 10 100 1 10 8 1 10 12 1 1 10 12 1 8 1 10 12 1 1 10 12 10 12 1 8 1 10 10 12 1 1 10 12 1 1 10 12 1 10 12 1 1 10 12 10 100 1 10 10 12 1 10 12 1 10 12 1 10 10 12 1 10 12 1 1 10 12 1 100 1 10 10 12 1 100 1 10 10 12 1 10 12 1 1 10 12 1 10 12 1 1 10 10 12 1 1 10 100 1 10 10 12 1 10 12 1 1 10 12 1 1 10 100 1 10 12 1 10 12 1 10 12 1 10 12 1 1 10 12 1 11 7 1 11 12 10 12 1 10 12 1 1 10 12 1 1 10 10 12 1 10 12 1 9 12 1 1 11 7 12 1 1 1 10 10 12 1 10 12 1 1 10 10 12 1 10 12 1 10 12 1 1 9 12 1 10 12 1 1 10 10 12 1 1 10 12 10 10 12 1 10 12 10 10 12 10 10 12 1 10 12 1 10 12 10 10 12 10 12 1 10 12 10 12 10 10 12 1 10 12 1 1 10 12 1 10 10 12 1 10 7 12 1 1 1 10 12 1 1 10 10 7 12 1 1 1 11 10 12 1 10 12 1 1 10 12 1 1 10 7 12 1 1 1 10 12 1 10 10 12 1 10 12 1 10 12 1 10 100 12 1 1 10 12 1 100 1 100 1 8 1 10 10 10 12 1 8 1 10 12 1 3 3 7 1 10 10 12 1 10 12 1 10 12 1 1 10 12 1 1 11 7 12 1 1 1 7 1 10 12 1 1 10 12 1 10 12 1 1 10 12 1 1 8 1 10 12 1 1 10 12 1 11 100 12 1 1 1 11 100 12 1 1 11 12 1 1 10 12 1 10 12 1 1 10 10 7 12 1 1 1 10 12 1 10 12 1 10 10 12 10 12 1 1 10 10 12 1 10 10 12 1 10 10 12 1 10 10 12 1 10 12 1 1 10 10 12 1 8 1 10 12 1 1 18 12 1 1 11 100 12 1 1 1 100 1 3 18 12 1 18 12 1 8 1 10 100 12 1 1 1 11 12 1 1 10 12 10 10 12 1 10 11 12 1 1 10 12 1 1 11 12 1 18 3 11 10 12 1 11 11 10 12 1 10 12 1 1 8 1 10 12 1 10 12 1 10 12 1 1 10 10 12 1 11 100 12 1 7 1 100 1 10 12 1 7 1 10 10 7 12 1 1 1 100 1 10 7 1 10 10 12 1 10 10 12 1 8 1 10 10 12 1 8 1 8 1 10 12 1 10 12 1 10 10 12 10 7 12 1 1 10 100 12 1 1 10 100 12 1 1 8 1 10 12 1 10 12 1 1 10 10 12 8 1 8 1 10 8 1 8 1 8 1 8 1 10 12 1 10 12 1 8 1 10 100 12 1 1 1 10 12 10 12 1 1 10 12 10 10 12 10 12 7 1 9 12 1 1 7 1 10 100 1 100 1 100 1 100 1 1 1 1 1 1 5 0 1 1 1 1 1 3 1 3 1 1 1 1 1 1 1 1 1 1 1 1 1 1 1 100 1 1 1 100 1 1 1 1 1 1 1 1 1 1 1 1 1 1 1 1 1 1 1 1 1 1 1 1 1 1 1 100 1 1 1 1 1 1 1 1 1 100 1 1 1 1 1 1 1 1 1 1 1 1 1 1 1 1 1 1 1 1 1 1 1 1 1 1 1 1 1 1 1 1 1 1 1 1 1 1 1 1 1 1 1 1 1 1 1 1 1 1 1 1 1 1 1 1 1 1 1 1 1 1 1 1 1 1 1 1 1 1 1 1 1 1 1 1 1 1 1 1 1 1 1 1 1 1 1 1 1 1 1 1 1 1 1 1 1 1 1 1 1 1 1 1 1 1 1 1 1 1 1 1 1 1 1 1 1 1 1 1 1 1 1 1 1 1 1 1 1 1 1 1 1 1 1 1 1 1 1 1 1 1 1 1 1 1 1 1 1 1 1 1 1 1 1 1 1 1 1 1 1 1 1 1 1 1 1 1 1 100 1 1 1 1 1 1 1 1 1 1 1 1 1 1 1 1 1 1 1 1 1 1 1 1 100 1 1 1 1 1 1 1 1 1 1 1 1 1 100 1 1 1 1 1 1 1 1 1 1 1 1 1 1 1 15 10 100 12 1 1 1 16 15 10 12 16 15 10 12 15 10 12 15 10 12 1 1 1 1 100 1 100 1 1 1
staticfield java/lang/String COMPACT_STRINGS Z 1
staticfield java/lang/String serialPersistentFields [Ljava/io/ObjectStreamField; 0 [Ljava/io/ObjectStreamField;
staticfield java/lang/String CASE_INSENSITIVE_ORDER Ljava/util/Comparator; java/lang/String$CaseInsensitiveComparator
ciInstanceKlass java/security/ProtectionDomain 1 1 324 10 7 12 1 1 1 9 7 12 1 1 1 7 1 10 9 12 1 1 9 12 1 1 9 12 1 1 10 7 12 1 1 7 1 9 12 1 9 12 1 1 7 1 9 12 1 1 9 12 1 10 100 12 1 1 10 100 12 1 1 1 10 12 1 1 10 12 1 9 12 1 9 100 12 1 1 10 12 1 1 10 100 1 10 12 1 1 8 1 100 1 8 1 10 12 1 10 10 100 12 1 1 1 10 12 1 1 8 1 11 8 1 10 12 1 8 1 8 1 10 12 1 1 10 12 1 10 12 1 1 10 12 1 8 1 10 12 1 8 1 8 1 10 100 12 1 1 1 9 100 12 1 1 1 10 12 1 1 9 100 12 1 1 1 10 100 12 1 1 1 100 1 100 1 10 12 1 10 100 12 1 1 1 10 100 1 10 12 1 10 12 1 1 11 100 12 1 1 11 12 1 100 1 11 100 12 1 1 1 10 12 1 10 11 12 1 1 11 12 1 1 10 12 1 10 7 12 1 1 10 100 12 1 1 11 12 1 10 12 8 1 8 1 10 7 12 1 1 1 7 1 10 10 7 12 1 1 1 1 1 1 1 1 1 1 100 1 1 100 1 1 1 1 1 1 1 1 1 1 1 1 1 1 1 1 1 1 1 1 1 1 1 1 1 1 1 1 1 1 1 1 1 1 1 1 1 1 1 1 1 1 100 1 1 1 1 1 100 1 1 1 1 1
staticfield java/security/ProtectionDomain filePermCompatInPD Z 0
ciInstanceKlass java/security/CodeSource 1 1 395 10 7 12 1 1 1 9 7 12 1 1 1 9 12 1 1 9 12 1 1 9 12 1 1 10 7 12 1 1 1 9 12 1 1 10 100 12 1 1 10 100 10 100 12 1 1 1 10 100 12 1 1 1 10 12 1 1 100 1 10 10 100 12 1 1 1 10 100 12 1 1 1 10 12 1 1 10 12 1 100 1 10 12 1 1 10 12 1 1 10 12 1 1 10 12 1 10 10 10 12 1 1 10 100 12 1 1 1 10 12 1 10 12 1 10 12 1 8 1 10 12 1 10 12 1 10 12 1 1 10 12 1 8 1 10 12 1 1 10 100 1 10 10 12 1 1 8 1 10 12 1 10 12 1 10 12 1 8 1 8 1 9 12 1 1 100 1 8 1 10 12 1 10 12 1 1 8 1 10 12 1 8 1 8 1 8 1 10 100 12 1 1 10 12 1 1 10 12 1 10 12 1 1 10 12 1 1 10 12 1 1 100 1 100 1 10 12 1 10 12 10 12 1 1 10 100 12 1 1 10 12 1 100 1 10 12 10 8 1 10 12 1 10 12 1 10 12 1 1 100 1 10 12 1 1 100 1 100 1 8 1 8 1 10 10 12 1 1 10 100 12 1 1 1 100 1 10 12 10 12 1 1 11 100 12 1 1 10 10 12 1 11 10 12 1 8 1 100 1 10 12 1 10 12 1 1 10 12 1 11 12 1 1 11 100 1 1 1 1 5 0 1 1 1 1 1 1 1 1 1 1 1 1 1 1 1 1 1 1 1 1 1 1 1 1 1 1 1 1 1 1 1 1 1 1 1 1 1 1 1 1 1 1 1 1 1 1 1 1 1 1 1 1 1 1 1 1 1 1 1 1 1 1 1 1 1 100 1 1 1 1 1 1 1
ciInstanceKlass java/lang/StringBuilder 1 1 409 10 7 12 1 1 1 10 12 1 10 12 1 10 12 1 1 10 7 12 1 1 1 10 7 12 1 1 1 10 12 1 10 12 1 10 12 1 10 12 1 10 12 1 10 12 1 10 12 1 10 12 1 10 12 1 10 12 1 10 12 1 10 12 1 10 12 1 10 12 1 1 10 12 1 10 12 1 1 10 12 1 1 10 12 1 10 12 1 10 12 1 10 12 1 10 12 1 10 12 1 10 12 1 10 12 10 12 1 10 12 1 10 12 1 10 12 1 1 10 12 1 10 12 1 10 12 10 12 1 1 10 12 1 1 9 12 1 1 9 12 1 1 10 7 12 1 1 1 10 100 1 10 100 12 1 1 1 10 12 1 10 12 1 1 10 12 1 1 10 10 12 1 1 10 100 12 1 1 10 12 1 10 12 1 1 100 1 100 1 8 1 10 10 12 1 1 10 12 1 1 10 12 1 10 12 1 10 12 1 10 12 1 10 12 1 10 12 1 10 12 1 10 12 1 10 12 1 10 12 1 10 12 1 10 12 1 10 12 1 10 12 1 10 12 1 1 10 12 1 1 10 12 1 10 12 1 10 12 1 10 12 10 12 10 12 1 10 12 1 10 12 1 10 12 10 12 1 10 12 1 10 12 1 10 12 1 10 12 1 10 12 1 10 12 1 10 12 1 10 12 1 1 10 12 1 10 12 1 1 10 12 1 10 12 1 1 10 12 1 10 12 1 1 10 12 1 10 12 1 10 12 1 10 10 12 1 10 12 1 100 1 100 1 100 1 1 1 1 5 0 1 1 1 1 1 1 1 1 1 1 1 1 1 1 1 1 1 1 1 1 1 1 1 1 1 1 1 1 1 1 1 1 1 1 1 1 1 1 1 1 1 1 1 100 1 1 1 100 1 1 1 1 1 1 1 1 1 1
ciInstanceKlass jdk/internal/loader/ClassLoaders 1 1 183 10 100 12 1 1 1 10 7 12 1 1 1 10 12 1 1 10 100 12 1 1 1 9 7 12 1 1 1 9 12 1 1 9 12 1 1 7 1 11 100 12 1 1 1 100 1 11 12 1 1 11 12 1 1 10 100 12 1 1 1 10 100 12 1 1 1 100 1 100 1 10 7 12 1 1 1 9 12 1 1 10 12 1 1 7 1 10 12 1 1 10 12 1 7 1 8 1 10 7 12 1 1 1 10 12 1 1 7 1 10 12 1 10 12 1 10 12 1 8 1 10 7 12 1 1 8 1 8 1 10 12 1 7 1 10 12 1 10 12 1 10 12 1 1 1 1 1 1 1 1 1 1 1 1 1 1 1 1 1 1 1 1 100 1 1 1 1 1 1 1 1 1 1 1 1 1 1 1 1 1 1 1
staticfield jdk/internal/loader/ClassLoaders JLA Ljdk/internal/access/JavaLangAccess; java/lang/System$2
staticfield jdk/internal/loader/ClassLoaders BOOT_LOADER Ljdk/internal/loader/ClassLoaders$BootClassLoader; jdk/internal/loader/ClassLoaders$BootClassLoader
staticfield jdk/internal/loader/ClassLoaders PLATFORM_LOADER Ljdk/internal/loader/ClassLoaders$PlatformClassLoader; jdk/internal/loader/ClassLoaders$PlatformClassLoader
staticfield jdk/internal/loader/ClassLoaders APP_LOADER Ljdk/internal/loader/ClassLoaders$AppClassLoader; jdk/internal/loader/ClassLoaders$AppClassLoader
ciInstanceKlass jdk/internal/misc/Unsafe 1 1 1285 10 7 12 1 1 1 9 7 12 1 1 1 9 12 1 1 10 12 1 1 10 7 12 1 1 1 10 12 1 1 10 12 1 1 10 12 1 1 10 12 1 1 10 12 1 1 10 12 1 1 10 12 1 1 10 12 1 1 10 12 1 1 10 12 1 1 10 12 1 1 10 12 1 1 10 12 1 1 10 12 1 10 12 1 100 1 10 10 12 1 1 10 12 1 1 5 0 10 12 1 1 10 12 1 1 10 7 12 1 1 1 10 12 1 1 10 12 1 10 12 1 10 12 1 1 10 12 1 1 10 12 1 10 12 1 100 1 100 1 10 8 1 10 12 1 1 10 12 1 8 1 10 12 1 1 10 12 1 10 12 1 10 12 1 1 10 12 1 10 12 1 1 10 12 1 1 10 12 1 10 12 1 10 12 1 10 12 1 1 10 12 1 10 12 1 10 12 1 1 10 12 1 5 0 5 0 5 0 10 12 1 10 12 1 10 12 1 10 12 1 10 12 1 10 12 1 10 12 1 10 12 1 10 12 1 1 10 12 1 10 12 1 100 1 8 1 10 100 1 10 10 12 1 1 10 12 1 1 10 12 1 10 12 1 1 10 12 1 1 10 12 1 10 12 1 1 10 12 1 9 7 12 1 1 9 12 1 100 1 10 10 12 1 1 8 1 10 8 1 8 1 10 12 1 1 9 7 12 1 1 1 9 100 1 9 7 1 9 100 1 9 9 100 1 9 100 1 9 100 1 10 12 1 1 10 12 1 1 10 12 1 1 10 12 1 1 5 0 5 0 9 12 1 1 10 12 1 10 12 1 10 12 1 1 10 12 1 1 10 12 1 8 1 3 10 12 1 1 10 12 1 1 10 12 1 10 12 1 1 10 12 1 1 10 12 1 10 12 1 10 12 1 10 12 1 10 12 1 10 12 1 1 10 12 1 1 10 12 1 10 12 1 10 12 1 10 12 1 10 12 1 10 12 1 1 10 12 1 1 10 12 1 10 12 1 10 12 1 10 12 1 10 12 1 10 12 1 1 10 12 1 1 10 12 1 1 10 12 1 1 10 12 1 10 12 1 10 12 1 10 12 1 10 12 1 10 12 1 10 12 1 1 10 12 1 1 10 12 1 10 12 1 10 12 1 10 12 1 10 12 1 10 12 1 10 12 1 1 10 12 1 1 10 12 1 10 12 1 10 12 1 10 12 1 10 12 1 10 12 1 10 12 1 10 12 1 1 10 12 1 10 12 1 10 12 1 10 12 1 10 12 1 1 10 12 1 10 12 1 10 12 1 10 12 1 10 12 1 10 12 1 10 12 1 10 12 1 1 10 12 1 10 12 1 10 12 1 10 12 1 10 12 1 10 12 1 1 10 12 1 10 12 1 10 12 1 1 10 12 1 10 12 1 10 12 1 10 12 1 10 12 1 10 12 1 10 12 1 10 12 1 10 12 1 10 12 1 10 12 1 10 12 1 10 12 1 10 12 1 10 12 1 10 12 1 10 12 1 10 12 1 10 12 1 10 12 1 10 12 1 10 12 1 100 1 10 100 1 10 9 12 1 5 0 10 12 1 1 5 0 10 12 1 5 0 10 12 1 10 12 1 10 12 1 1 10 12 1 1 10 12 1 10 12 1 10 12 1 10 12 1 1 10 12 1 10 12 1 10 12 1 10 12 1 10 12 1 1 10 12 1 10 12 1 10 12 1 10 12 1 1 10 12 1 10 12 1 10 12 1 1 10 12 1 10 12 1 10 12 1 10 12 1 1 10 12 1 10 10 12 1 1 10 12 1 10 12 1 1 10 12 1 10 12 5 0 5 0 5 0 10 12 1 1 10 12 1 10 12 1 10 12 10 7 12 1 1 8 1 7 1 11 12 1 1 8 1 11 12 1 1 10 7 12 1 1 10 12 1 10 12 1 10 12 1 10 12 1 10 12 1 1 10 12 1 10 12 1 10 12 1 10 12 1 10 12 1 10 12 1 10 7 1 10 12 1 9 12 1 7 1 9 12 1 7 1 9 12 1 7 1 9 12 1 7 1 9 12 1 7 1 9 12 1 7 1 9 12 1 7 1 9 12 1 7 1 9 12 1 10 12 1 9 12 1 9 12 1 9 12 1 9 12 1 9 12 1 9 12 1 9 12 1 9 12 1 9 12 1 9 12 1 1 1 3 1 1 1 1 1 1 1 1 1 1 1 1 1 1 1 1 1 1 1 1 1 1 1 1 1 1 1 1 1 1 1 1 1 1 1 1 1 1 1 1 1 1 1 1 1 1 1 1 1 1 1 1 1 1 1 1 1 1 1 1 1 1 1 1 1 1 1 1 1 1 1 1 1 1 1 1 1 1 1 1 1 1 1 1 1 1 1 1 1 100 1 1 1 1 1 1 1 1 1 1 1 1 1 1 1 1 1 1 1 1 1 1 1 1 1 1 1 1 1 1 1 1 1 1 1 1 1 1 1 1 1 1 1 1 1 1 1 1 1 1 1 1 1 1 1 1 1 1 1 1 1 1 1 1 1 1 1 1 1 1 1 1 1 1 1 1 1 1 1 1 1 1 1 1 1 1 1 1 1 1 1 1 1 1 1 1 1 1 1 1 1 1 1 1 1 1 1 1 1 1 1 1 1 1 1 1 1 1 1 1 1 1 1 1 1 1 1 1 1 1 1 1 1 1 1 1 1 1 1 1 1 1 1 1 1 1 1 1 1 1 1 1 1 1 1 1 1 1 1 1 1 1 1 1 1 1 1 1 1 1 1 1 1 1 1 1 1 1 1 1 1 1 1 1 1 1 1 1 1 1 1 1 1 1 1 1 1 1 1 1 1 1 1 1 1 1 1 3 1 1 1 1 1 1 1 1 1 1 1 1 1 1 1 1 1 1 1 1 1
staticfield jdk/internal/misc/Unsafe theUnsafe Ljdk/internal/misc/Unsafe; jdk/internal/misc/Unsafe
staticfield jdk/internal/misc/Unsafe ARRAY_BOOLEAN_BASE_OFFSET I 16
staticfield jdk/internal/misc/Unsafe ARRAY_BYTE_BASE_OFFSET I 16
staticfield jdk/internal/misc/Unsafe ARRAY_SHORT_BASE_OFFSET I 16
staticfield jdk/internal/misc/Unsafe ARRAY_CHAR_BASE_OFFSET I 16
staticfield jdk/internal/misc/Unsafe ARRAY_INT_BASE_OFFSET I 16
staticfield jdk/internal/misc/Unsafe ARRAY_LONG_BASE_OFFSET I 16
staticfield jdk/internal/misc/Unsafe ARRAY_FLOAT_BASE_OFFSET I 16
staticfield jdk/internal/misc/Unsafe ARRAY_DOUBLE_BASE_OFFSET I 16
staticfield jdk/internal/misc/Unsafe ARRAY_OBJECT_BASE_OFFSET I 16
staticfield jdk/internal/misc/Unsafe ARRAY_BOOLEAN_INDEX_SCALE I 1
staticfield jdk/internal/misc/Unsafe ARRAY_BYTE_INDEX_SCALE I 1
staticfield jdk/internal/misc/Unsafe ARRAY_SHORT_INDEX_SCALE I 2
staticfield jdk/internal/misc/Unsafe ARRAY_CHAR_INDEX_SCALE I 2
staticfield jdk/internal/misc/Unsafe ARRAY_INT_INDEX_SCALE I 4
staticfield jdk/internal/misc/Unsafe ARRAY_LONG_INDEX_SCALE I 8
staticfield jdk/internal/misc/Unsafe ARRAY_FLOAT_INDEX_SCALE I 4
staticfield jdk/internal/misc/Unsafe ARRAY_DOUBLE_INDEX_SCALE I 8
staticfield jdk/internal/misc/Unsafe ARRAY_OBJECT_INDEX_SCALE I 4
staticfield jdk/internal/misc/Unsafe ADDRESS_SIZE I 8
ciInstanceKlass java/lang/ThreadGroup 1 1 293 10 7 12 1 1 1 9 7 12 1 1 1 8 1 9 12 1 1 7 1 9 12 1 9 12 1 1 10 12 1 1 10 12 1 1 10 12 1 10 12 1 1 10 12 1 9 12 1 1 10 12 1 1 10 12 1 9 12 1 10 100 12 1 1 1 9 12 1 9 12 1 1 10 7 12 1 1 1 7 10 12 1 1 10 7 12 1 1 1 10 100 12 1 9 12 1 10 12 1 1 10 12 1 1 9 12 1 1 10 12 1 1 10 12 1 10 12 1 10 12 1 1 10 12 1 1 10 12 1 10 12 1 10 10 12 1 10 12 1 10 100 1 10 10 12 1 10 12 1 10 12 1 7 10 12 1 9 12 1 1 10 12 1 1 8 1 10 100 12 1 1 1 10 12 1 1 10 12 1 1 10 12 1 1 11 100 1 100 1 9 12 1 100 1 10 8 1 10 12 1 1 10 12 1 1 8 1 10 12 1 10 100 12 1 1 1 10 12 1 1 10 100 1 8 1 10 8 1 10 12 1 8 1 1 1 1 1 1 1 1 1 1 1 1 1 1 1 1 1 3 1 1 1 1 1 1 1 1 1 1 1 1 1 1 1 1 1 1 1 1 1 1 1 1 1 1 1 1 1 1 1 1 1 1 1 1 1 1 1 1 1 1
ciInstanceKlass java/util/Properties 1 1 651 10 7 12 1 1 1 100 1 10 7 12 1 1 7 1 10 12 1 9 12 1 1 9 12 1 1 9 12 1 1 10 7 12 1 1 1 10 12 1 1 8 1 10 7 12 1 1 1 7 1 10 12 1 10 12 1 1 8 1 10 12 1 7 1 10 12 10 12 1 1 9 12 1 1 10 12 1 1 7 1 10 12 1 10 12 1 10 12 1 1 100 1 8 1 10 12 1 10 12 1 10 12 1 1 10 12 1 100 1 3 10 10 100 12 1 1 1 10 12 1 10 12 1 1 8 1 10 12 1 10 12 1 1 8 1 10 100 12 1 1 10 12 1 1 10 12 1 10 12 1 1 100 1 10 12 1 10 12 1 1 100 1 9 100 12 1 1 1 10 12 1 10 12 1 1 100 1 10 10 10 12 1 1 11 7 12 1 1 1 11 7 12 1 1 1 11 12 1 1 7 1 11 12 1 11 12 1 10 12 1 1 8 1 10 12 1 10 12 1 100 1 10 10 12 1 1 10 100 12 1 1 9 100 12 1 1 10 12 1 1 10 100 12 1 1 1 100 1 100 1 100 1 10 8 1 8 1 10 12 1 10 12 1 10 12 1 1 10 10 12 1 1 10 12 1 1 7 1 10 10 12 1 11 7 12 1 1 10 7 12 1 1 1 8 1 10 100 12 1 1 11 8 1 10 100 1 11 10 12 1 10 12 1 10 12 1 10 12 1 1 10 12 1 1 10 12 1 1 10 12 1 10 12 1 10 10 12 1 10 12 1 10 12 1 10 10 12 1 1 10 12 1 1 7 1 10 10 12 1 10 12 1 10 12 1 10 12 1 10 12 1 1 10 12 1 1 10 12 1 10 12 1 10 12 1 1 10 12 10 12 1 1 10 12 1 1 10 12 1 10 12 1 1 10 12 1 1 10 12 100 1 10 11 100 12 1 1 4 11 10 12 1 1 10 100 12 1 1 11 12 1 10 12 1 1 10 100 12 1 1 10 12 1 100 1 8 1 10 12 1 10 10 100 12 1 1 1 100 1 6 0 10 12 1 1 11 100 12 1 1 1 10 12 1 10 12 1 1 1 1 1 5 0 1 1 1 1 1 1 1 1 1 1 1 1 1 1 1 1 1 1 1 1 1 1 1 1 1 1 1 1 1 1 1 1 1 1 1 1 1 1 1 1 100 1 1 1 1 1 1 1 1 1 1 1 1 1 1 1 1 1 1 1 1 100 1 1 1 1 1 1 1 100 1 100 1 1 1 1 100 1 1 1 1 1 1 1 1 1 1 1 1 1 1 1 1 1 1 1 1 1 1 1 1 1 1 1 1 1 1 1 1 1 1 1 1 1 1 1 1 1 1 1 1 1 1 1 1 1 1 1 1 1 1 1 1 1 1 1 1 1 1 1 1 1 1 1 1 1 1 1 1 1 1 1 1 100 1 1 1 1 1 1 1 1 1 100 1 1 1
staticfield java/util/Properties UNSAFE Ljdk/internal/misc/Unsafe; jdk/internal/misc/Unsafe
instanceKlass java/util/Hashtable
ciInstanceKlass java/util/Dictionary 1 1 36 10 7 12 1 1 1 100 1 1 1 1 1 1 1 1 1 1 1 1 1 1 1 1 1 1 1 1 1 1 1 1 1 1 1 1
instanceKlass java/util/Properties
ciInstanceKlass java/util/Hashtable 1 1 512 100 1 10 7 12 1 1 1 9 7 12 1 1 1 100 1 100 1 10 8 1 10 12 1 1 10 12 1 10 12 1 1 10 12 1 10 7 12 1 1 1 8 1 10 12 1 9 12 1 1 7 1 9 12 1 1 4 10 7 12 1 1 1 9 12 1 4 10 12 1 11 100 12 1 1 1 10 12 1 1 10 12 1 1 9 12 1 10 12 1 1 100 1 10 9 12 1 1 10 7 12 1 1 1 9 12 1 1 10 12 1 10 12 1 3 9 12 1 9 12 1 3 10 12 1 10 12 1 10 12 1 1 11 12 1 1 11 100 12 1 1 1 11 100 12 1 1 1 11 12 1 100 1 11 12 1 11 12 1 10 12 1 1 10 12 1 1 10 12 1 9 12 1 1 9 12 9 12 1 1 10 100 1 100 1 10 12 1 10 8 1 10 10 12 1 8 1 10 8 1 10 7 12 1 1 1 7 1 10 12 1 10 12 1 100 1 10 12 1 10 12 1 1 100 1 10 100 1 10 10 12 1 1 11 12 1 1 11 12 1 100 1 10 10 10 100 12 1 1 11 100 12 1 1 1 100 1 10 11 100 12 1 1 11 100 12 1 10 12 1 10 12 1 1 10 100 12 1 1 10 12 1 1 10 12 1 1 10 12 1 1 10 100 12 1 1 1 8 10 100 12 1 1 100 1 8 1 10 4 10 12 4 10 12 1 8 1 10 12 10 100 12 1 1 1 100 1 11 100 12 1 1 1 10 100 12 1 1 1 10 12 1 10 12 1 1 10 100 1 100 1 1 1 1 1 1 5 0 1 1 1 1 1 3 1 3 1 3 1 1 1 1 1 1 1 1 1 1 1 1 1 1 1 1 1 1 1 1 1 1 1 1 1 100 1 1 1 1 1 1 1 1 1 1 1 1 1 1 1 1 1 1 1 1 1 1 1 1 1 1 1 1 1 100 1 1 1 1 1 1 1 1 1 1 1 1 1 1 1 1 1 1 1 1 1 1 1 1 1 1 1 1 1 1 1 1 1 1 1 1 1 1 1 1 1 1 1 1 1 1 1 1 1 1 1 1 1 1 1 1 1 1 100 1 1 1 100 1 1 1 1 1 100 1 1 1 1 1 1 1 1 1 1 1 1 1 1 1 1 1 1
ciInstanceKlass java/util/Map$Entry 1 0 178 18 12 1 1 100 1 100 1 18 10 100 12 1 1 1 18 12 1 18 100 1 11 100 12 1 1 1 11 12 1 11 100 12 1 1 1 10 100 12 1 1 1 10 100 12 1 1 1 8 1 10 12 1 1 8 1 8 1 8 1 10 12 1 10 12 1 8 10 100 1 10 12 1 8 10 12 1 8 1 10 12 1 8 10 12 1 8 1 10 12 1 1 8 1 100 1 8 1 10 12 1 1 11 12 100 1 11 12 1 1 1 1 1 1 1 1 1 1 1 1 1 1 1 1 1 1 1 1 1 1 1 1 1 1 1 1 1 1 1 1 1 1 1 1 1 1 1 15 10 100 12 1 1 1 16 15 11 12 16 3 3 15 11 12 15 11 12 15 11 12 1 1 100 1 100 1 1
instanceKlass nonapi/io/github/classgraph/fileslice/Slice$1
instanceKlass nonapi/io/github/classgraph/fastzipfilereader/NestedJarHandler$8
instanceKlass java/io/ObjectInputStream
instanceKlass sun/nio/ch/NioSocketImpl$1
instanceKlass java/net/Socket$SocketInputStream
instanceKlass java/util/zip/ZipFile$ZipFileInputStream
instanceKlass java/io/FilterInputStream
instanceKlass java/io/FileInputStream
instanceKlass java/io/ByteArrayInputStream
ciInstanceKlass java/io/InputStream 1 1 184 100 1 10 7 12 1 1 1 100 1 10 10 7 12 1 1 1 10 7 12 1 1 1 10 12 1 100 1 3 10 12 1 1 100 1 8 1 10 12 1 10 7 12 1 1 1 3 100 1 8 1 10 10 7 12 1 1 1 7 1 10 11 7 12 1 1 1 10 12 1 1 11 12 1 1 11 7 12 1 1 1 11 12 1 1 7 1 10 7 12 1 1 1 5 0 10 12 1 10 12 1 1 100 1 10 8 1 10 8 1 8 1 10 12 1 1 10 100 12 1 1 1 100 1 1 1 1 3 1 3 1 1 1 1 1 1 1 1 1 1 1 1 1 1 1 1 1 1 1 1 1 1 1 1 1 1 1 1 1 1 1 1 1 1 1 1 1 1 1 1 1 1 1 1 1 1 1 1 1 1 1 1 1
ciInstanceKlass java/io/ByteArrayInputStream 1 1 96 10 7 12 1 1 1 9 7 12 1 1 1 9 12 1 1 9 12 1 9 12 1 10 100 12 1 1 1 10 7 12 1 1 1 10 7 12 1 1 1 10 100 12 1 1 1 10 12 1 1 10 100 12 1 1 1 1 1 1 1 1 1 1 1 1 1 1 1 1 1 1 1 1 1 1 1 1 1 1 1 100 1 1 1 1 1 1 1 1 1 1 1 1 1 1
instanceKlass java/util/concurrent/ForkJoinWorkerThread
instanceKlass java/util/logging/LogManager$Cleaner
instanceKlass com/intellij/rt/execution/application/AppMainV2$1
instanceKlass jdk/internal/misc/InnocuousThread
instanceKlass java/lang/ref/Finalizer$FinalizerThread
instanceKlass java/lang/ref/Reference$ReferenceHandler
ciInstanceKlass java/lang/Thread 1 1 612 9 7 12 1 1 1 9 12 1 1 10 12 1 1 9 12 1 1 9 12 1 1 100 1 8 1 10 12 1 1 3 8 1 100 1 5 0 10 12 1 1 10 7 12 1 1 9 12 1 1 9 12 1 9 12 1 1 9 12 1 100 1 8 1 10 9 12 1 1 10 7 12 1 1 1 10 100 12 1 1 1 10 10 7 12 1 1 10 12 1 1 10 12 1 1 9 100 12 1 1 1 10 12 1 1 10 12 1 9 12 1 1 10 12 1 1 10 12 1 1 9 12 1 10 12 1 1 9 12 1 1 10 7 12 1 1 1 9 12 1 1 9 12 1 1 10 12 1 1 10 100 12 1 1 1 9 12 1 10 12 1 1 9 12 1 100 1 10 100 1 10 8 1 10 12 1 1 10 12 1 10 12 1 10 12 1 1 10 12 1 10 12 1 9 12 1 100 1 10 10 12 1 1 10 12 1 10 12 1 100 1 11 7 12 1 1 9 100 12 1 1 1 10 12 1 10 12 1 10 12 9 12 1 1 10 9 12 1 10 12 1 100 1 10 10 12 1 1 9 12 1 10 12 1 11 100 12 1 1 10 12 1 9 12 1 10 12 1 10 12 1 10 10 12 1 10 12 1 10 12 1 10 12 1 10 12 1 1 100 1 10 10 12 1 10 12 1 10 12 1 9 100 12 1 1 1 10 12 1 1 10 12 1 100 1 8 1 10 10 12 1 10 12 8 1 10 12 1 8 1 10 8 1 8 1 10 100 12 1 1 10 100 12 1 1 1 100 1 8 1 10 9 12 1 9 12 1 1 10 12 1 1 10 10 12 1 1 9 12 1 10 12 1 1 100 1 10 12 11 100 12 1 1 1 9 100 12 1 1 1 9 12 1 1 10 12 1 1 100 1 10 12 1 11 100 12 1 1 1 100 1 10 12 1 10 12 1 1 11 12 1 10 12 1 100 1 10 12 1 10 12 1 1 10 7 12 1 1 1 8 1 9 12 1 10 12 1 1 11 100 12 1 1 1 10 100 12 1 1 1 11 12 1 10 12 1 7 1 1 1 1 3 1 3 1 3 1 1 1 1 1 1 1 1 1 1 1 1 1 1 1 1 1 1 1 100 1 1 1 1 1 1 1 1 1 1 1 1 100 1 100 1 1 1 1 1 1 1 1 1 1 1 1 1 1 1 1 1 1 1 1 1 1 1 1 1 1 1 1 1 1 1 1 1 1 1 1 1 1 1 1 1 1 1 100 100 1 1 1 1 1 1 1 1 1 100 1 1 1 1 1 1 1 1 1 1 1 1 1 1 1 1 1 1 1 1 1 1 1 1 1 1 1 1 100 1 1 1 1 1 1 100 1 1 100 1 1 1 1 1 1
staticfield java/lang/Thread EMPTY_STACK_TRACE [Ljava/lang/StackTraceElement; 0 [Ljava/lang/StackTraceElement;
instanceKlass org/junit/Test$None
instanceKlass java/lang/Exception
instanceKlass java/lang/Error
ciInstanceKlass java/lang/Throwable 1 1 393 10 7 12 1 1 1 9 7 12 1 1 1 9 12 1 1 9 12 1 9 12 1 1 9 12 1 10 12 1 1 9 12 1 1 10 12 1 1 10 12 1 100 1 100 1 10 8 1 10 12 1 1 8 1 10 100 12 1 1 10 10 12 1 100 1 8 1 10 10 12 1 1 10 7 12 1 1 10 12 1 8 1 9 100 12 1 1 1 10 12 1 1 100 1 10 12 10 12 1 100 1 10 10 7 12 1 1 1 11 100 12 1 1 1 10 100 12 1 1 1 10 12 1 1 10 12 1 1 8 1 10 12 1 10 12 1 1 8 1 8 1 10 12 1 1 10 12 1 8 1 8 1 9 12 1 1 10 100 12 1 1 100 1 10 11 12 1 8 1 8 1 10 7 12 1 1 8 1 10 12 1 8 1 100 1 10 12 1 9 12 1 1 10 12 1 10 7 12 1 9 12 1 1 10 12 1 1 100 1 8 1 10 12 1 10 100 12 1 1 10 12 1 1 100 1 10 100 12 1 1 1 10 12 1 11 100 12 1 1 1 11 100 12 1 1 1 11 12 1 8 1 10 12 1 1 8 1 10 10 9 100 12 1 1 1 8 1 10 12 1 1 10 100 1 8 1 10 11 12 1 1 8 1 9 12 1 10 100 12 1 1 11 9 12 1 1 11 12 1 1 100 10 12 1 10 12 1 1 100 1 1 1 1 5 0 1 1 1 1 1 1 1 1 1 1 1 1 1 100 1 1 1 1 1 1 1 1 1 1 1 1 1 1 1 1 1 1 1 1 1 1 1 1 1 1 1 1 1 1 1 1 1 1 1 1 1 1 1 1 1 1 100 1 100 1 1 1 1 1 1 1 1 1 1 1 1 1 1 1 1 1 1
staticfield java/lang/Throwable UNASSIGNED_STACK [Ljava/lang/StackTraceElement; 0 [Ljava/lang/StackTraceElement;
staticfield java/lang/Throwable SUPPRESSED_SENTINEL Ljava/util/List; java/util/Collections$EmptyList
staticfield java/lang/Throwable EMPTY_THROWABLE_ARRAY [Ljava/lang/Throwable; 0 [Ljava/lang/Throwable;
staticfield java/lang/Throwable $assertionsDisabled Z 1
instanceKlass java/util/zip/DataFormatException
instanceKlass nonapi/io/github/classgraph/concurrency/SingletonMap$NullSingletonException
instanceKlass nonapi/io/github/classgraph/concurrency/SingletonMap$NewInstanceException
instanceKlass sun/nio/fs/WindowsException
instanceKlass java/text/ParseException
instanceKlass com/sun/xml/bind/v2/model/impl/ClassInfoImpl$DuplicateException
instanceKlass com/sun/xml/bind/v2/model/impl/ClassInfoImpl$ConflictException
instanceKlass javax/activation/MimeTypeParseException
instanceKlass javax/xml/parsers/ParserConfigurationException
instanceKlass javax/xml/transform/TransformerException
instanceKlass org/xml/sax/SAXException
instanceKlass com/sun/xml/bind/api/AccessorException
instanceKlass javax/xml/bind/JAXBException
instanceKlass com/typesafe/config/impl/Tokenizer$ProblemException
instanceKlass com/typesafe/config/impl/AbstractConfigValue$NotPossibleToResolve
instanceKlass java/lang/CloneNotSupportedException
instanceKlass java/util/concurrent/TimeoutException
instanceKlass com/google/common/collect/RegularImmutableMap$BucketOverflowException
instanceKlass java/util/concurrent/ExecutionException
instanceKlass com/google/inject/internal/ErrorsException
instanceKlass com/google/inject/internal/InternalProvisionException
instanceKlass org/junit/runner/manipulation/NoTestsRemainException
instanceKlass org/junit/runners/model/InitializationError
instanceKlass java/net/URISyntaxException
instanceKlass java/lang/InterruptedException
instanceKlass java/security/PrivilegedActionException
instanceKlass java/io/IOException
instanceKlass java/lang/ReflectiveOperationException
instanceKlass java/lang/RuntimeException
ciInstanceKlass java/lang/Exception 1 1 40 10 7 12 1 1 1 10 12 1 10 12 1 10 12 1 10 12 1 100 1 1 1 1 5 0 1 1 1 1 1 1 1 1 1 1 1 1 1 1
instanceKlass java/lang/InstantiationException
instanceKlass java/lang/IllegalAccessException
instanceKlass java/lang/reflect/InvocationTargetException
instanceKlass java/lang/NoSuchFieldException
instanceKlass java/lang/NoSuchMethodException
instanceKlass java/lang/ClassNotFoundException
ciInstanceKlass java/lang/ReflectiveOperationException 1 1 34 10 7 12 1 1 1 10 12 1 10 12 1 10 12 1 100 1 1 1 1 5 0 1 1 1 1 1 1 1 1 1 1 1
instanceKlass java/nio/BufferUnderflowException
instanceKlass java/lang/LayerInstantiationException
instanceKlass java/nio/file/FileSystemNotFoundException
instanceKlass io/cucumber/tagexpressions/TagExpressionException
instanceKlass net/serenitybdd/core/SkipStepException
instanceKlass io/cucumber/java/PendingException
instanceKlass com/google/gson/JsonParseException
instanceKlass net/thucydides/core/steps/StepFailureException
instanceKlass net/thucydides/core/screenshots/ScreenshotException
instanceKlass net/serenitybdd/core/exceptions/StepInitialisationException
instanceKlass net/thucydides/core/steps/RecursiveOrCyclicStepLibraryReferenceException
instanceKlass net/serenitybdd/core/IgnoredStepException
instanceKlass net/serenitybdd/core/PendingStepException
instanceKlass net/serenitybdd/core/exceptions/TestCompromisedException
instanceKlass java/lang/reflect/MalformedParameterizedTypeException
instanceKlass net/thucydides/core/annotations/InvalidManagedWebDriverFieldException
instanceKlass java/time/DateTimeException
instanceKlass com/typesafe/config/ConfigException
instanceKlass net/serenitybdd/core/exceptions/SerenityManagedException
instanceKlass net/thucydides/core/webdriver/DriverConfigurationError
instanceKlass org/openqa/selenium/WebDriverException
instanceKlass net/thucydides/core/reports/json/AScenarioHasNoNameException
instanceKlass net/thucydides/core/batches/UnsupportedBatchStrategyException
instanceKlass java/util/ConcurrentModificationException
instanceKlass java/lang/TypeNotPresentException
instanceKlass com/google/inject/internal/aop/GlueException
instanceKlass com/google/common/util/concurrent/UncheckedExecutionException
instanceKlass com/google/common/cache/CacheLoader$InvalidCacheLoadException
instanceKlass java/util/NoSuchElementException
instanceKlass com/google/inject/ProvisionException
instanceKlass com/google/inject/CreationException
instanceKlass com/google/inject/ConfigurationException
instanceKlass java/lang/IndexOutOfBoundsException
instanceKlass java/lang/UnsupportedOperationException
instanceKlass java/lang/IllegalStateException
instanceKlass net/thucydides/core/annotations/ManualTestMarkedAsError
instanceKlass org/junit/runner/notification/StoppedByUserException
instanceKlass org/junit/internal/AssumptionViolatedException
instanceKlass java/lang/reflect/UndeclaredThrowableException
instanceKlass java/lang/SecurityException
instanceKlass java/lang/IllegalArgumentException
instanceKlass java/lang/ArithmeticException
instanceKlass java/lang/NullPointerException
instanceKlass java/lang/IllegalMonitorStateException
instanceKlass java/lang/ArrayStoreException
instanceKlass java/lang/ClassCastException
ciInstanceKlass java/lang/RuntimeException 1 1 40 10 7 12 1 1 1 10 12 1 10 12 1 10 12 1 10 12 1 100 1 1 1 1 5 0 1 1 1 1 1 1 1 1 1 1 1 1 1 1
instanceKlass java/io/IOError
instanceKlass javax/xml/parsers/FactoryConfigurationError
instanceKlass com/google/common/util/concurrent/ExecutionError
instanceKlass java/util/ServiceConfigurationError
instanceKlass java/lang/AssertionError
instanceKlass java/lang/VirtualMachineError
instanceKlass java/lang/LinkageError
instanceKlass java/lang/ThreadDeath
ciInstanceKlass java/lang/Error 1 1 40 10 7 12 1 1 1 10 12 1 10 12 1 10 12 1 10 12 1 100 1 1 1 1 5 0 1 1 1 1 1 1 1 1 1 1 1 1 1 1
instanceKlass java/lang/StackOverflowError
instanceKlass java/lang/OutOfMemoryError
instanceKlass java/lang/InternalError
ciInstanceKlass java/lang/VirtualMachineError 1 1 34 10 7 12 1 1 1 10 12 1 10 12 1 10 12 1 100 1 1 1 1 5 0 1 1 1 1 1 1 1 1 1 1 1
ciInstanceKlass java/lang/StackOverflowError 1 1 26 10 100 12 1 1 1 10 12 1 100 1 1 1 1 5 0 1 1 1 1 1 1 1 1 1
instanceKlass java/lang/ClassFormatError
instanceKlass java/lang/ExceptionInInitializerError
instanceKlass java/lang/IncompatibleClassChangeError
instanceKlass java/lang/BootstrapMethodError
instanceKlass java/lang/NoClassDefFoundError
ciInstanceKlass java/lang/LinkageError 1 1 31 10 7 12 1 1 1 10 12 1 10 12 1 100 1 1 1 1 5 0 1 1 1 1 1 1 1 1 1 1 1
ciInstanceKlass java/lang/ArrayStoreException 1 1 26 10 100 12 1 1 1 10 12 1 100 1 1 1 1 5 0 1 1 1 1 1 1 1 1 1
ciInstanceKlass java/lang/ThreadDeath 0 0 21 10 100 12 1 1 1 100 1 1 1 1 5 0 1 1 1 1 1 1 1
ciInstanceKlass java/lang/StackTraceElement 1 1 224 10 7 12 1 1 1 10 7 12 1 1 9 12 1 1 9 12 1 1 9 12 1 9 12 1 8 1 10 100 12 1 1 1 100 1 9 12 1 8 1 9 12 1 9 12 1 9 12 1 1 8 1 10 12 1 1 10 12 1 100 1 10 10 12 1 1 8 1 10 12 1 1 10 12 1 8 1 8 1 8 1 10 12 1 8 1 8 1 10 12 1 8 1 8 1 10 12 1 1 10 12 1 10 12 1 1 10 12 1 9 12 1 1 10 7 12 1 1 1 10 12 1 1 7 1 10 12 1 1 10 7 12 1 1 10 7 12 1 1 1 10 7 12 1 1 10 7 12 1 1 10 10 12 1 1 10 12 1 10 12 1 1 100 1 1 1 1 1 3 1 3 1 1 5 0 1 1 1 1 1 1 1 1 1 1 1 1 1 1 1 1 1 1 1 1 1 1 1 1 1 1 100 1 100 1 1 1 1 1 1 1 1 1 1 100 1 1 1 1 1 1 1 1
instanceKlass com/google/common/collect/Maps$Values
instanceKlass com/google/common/collect/AbstractMultimap$Values
instanceKlass com/google/common/collect/AbstractMapBasedMultimap$WrappedCollection
instanceKlass java/util/TreeMap$Values
instanceKlass com/google/common/collect/ImmutableCollection
instanceKlass java/util/IdentityHashMap$Values
instanceKlass java/util/AbstractQueue
instanceKlass java/util/LinkedHashMap$LinkedValues
instanceKlass java/util/HashMap$Values
instanceKlass java/util/ArrayDeque
instanceKlass java/util/AbstractSet
instanceKlass java/util/ImmutableCollections$AbstractImmutableCollection
instanceKlass java/util/AbstractList
ciInstanceKlass java/util/AbstractCollection 1 1 160 10 7 12 1 1 1 10 7 12 1 1 1 10 12 1 1 11 7 12 1 1 1 11 12 1 1 10 12 1 1 10 100 12 1 1 1 10 12 1 1 10 12 1 1 10 7 12 1 1 10 7 12 1 1 1 7 1 10 100 12 1 1 1 10 100 12 1 1 1 100 1 10 11 12 1 11 7 1 10 12 1 10 12 1 10 7 12 1 1 1 11 8 1 100 1 10 10 12 1 1 8 1 10 12 1 10 12 1 1 1 1 1 1 1 1 1 1 1 1 1 1 1 1 1 1 1 1 1 1 1 1 1 1 1 1 1 1 1 1 1 1 1 1 1 1 1 1 1 1 1 1 1 1 1 1 1 1 1 1
ciMethod java/lang/Throwable addSuppressed (Ljava/lang/Throwable;)V 0 0 1 0 -1
ciInstanceKlass java/lang/Boolean 1 1 151 10 7 12 1 1 1 9 7 12 1 1 1 10 12 1 1 10 12 1 8 1 10 7 12 1 1 9 12 1 1 9 12 1 8 1 10 12 1 1 10 12 1 1 10 7 12 1 1 1 100 1 100 1 10 12 1 1 9 100 12 1 1 9 12 10 100 12 1 1 1 10 12 1 1 8 1 10 7 12 1 1 1 9 12 1 1 100 1 100 1 100 1 1 1 1 1 1 5 0 1 1 1 1 1 1 1 1 1 1 3 1 1 1 1 1 1 1 1 1 1 1 1 1 1 1 1 1 1 1 1 100 1 1 1 1 1 1 1 1 1 1 100 1 1 1 1 1 1 1 1
staticfield java/lang/Boolean TRUE Ljava/lang/Boolean; java/lang/Boolean
staticfield java/lang/Boolean FALSE Ljava/lang/Boolean; java/lang/Boolean
staticfield java/lang/Boolean TYPE Ljava/lang/Class; java/lang/Class
instanceKlass java/util/concurrent/locks/AbstractQueuedSynchronizer
ciInstanceKlass java/util/concurrent/locks/AbstractOwnableSynchronizer 1 1 32 10 7 12 1 1 1 9 7 12 1 1 1 100 1 1 1 1 5 0 1 1 1 1 1 1 1 1 1 1 1 1
instanceKlass java/lang/LiveStackFrameInfo
ciInstanceKlass java/lang/StackFrameInfo 1 1 132 10 7 12 1 1 1 9 7 12 1 1 1 9 7 1 9 12 1 1 11 7 12 1 1 1 9 12 1 1 11 12 1 1 10 12 1 1 10 100 12 1 1 1 10 12 1 11 12 1 11 12 1 1 11 12 1 10 12 1 1 9 12 1 1 10 12 1 1 10 100 12 1 1 10 12 1 1 11 12 1 1 10 12 1 9 12 1 1 10 12 1 1 100 1 8 1 10 12 1 10 7 12 1 1 1 100 1 1 1 1 1 1 1 1 1 1 1 1 1 1 1 1 1 1 100 1 1 1 1 1 1
staticfield java/lang/StackFrameInfo JLIA Ljdk/internal/access/JavaLangInvokeAccess; java/lang/invoke/MethodHandleImpl$1
ciInstanceKlass java/lang/LiveStackFrameInfo 0 0 97 10 100 12 1 1 1 9 100 12 1 1 1 9 12 1 9 12 1 9 12 1 9 12 1 1 100 1 10 12 1 1 10 12 1 8 1 10 12 1 1 8 1 8 1 8 1 10 100 1 10 12 1 100 1 10 12 1 100 1 100 1 1 1 3 1 3 1 1 1 1 1 1 1 1 1 1 1 1 1 1 1 1 1 1 1 1 1 1 1 1 1 1 1 100 1 1
ciInstanceKlass java/lang/Character 1 1 576 7 1 100 1 100 1 9 12 1 1 8 1 9 12 1 1 100 1 9 12 1 1 10 100 12 1 1 1 10 100 12 1 1 1 10 100 12 1 1 1 10 7 12 1 1 1 9 7 12 1 1 1 10 12 1 10 12 1 1 10 12 1 1 10 7 12 1 1 10 12 1 1 3 3 3 3 3 10 12 1 1 10 12 1 3 11 7 12 1 1 1 11 12 1 1 10 12 1 1 10 12 1 1 100 1 10 10 12 1 3 10 12 1 1 10 12 1 10 12 1 1 100 1 8 1 10 12 1 1 10 12 1 10 12 1 10 12 1 10 12 1 10 12 1 1 10 12 1 10 7 12 1 1 10 10 12 1 10 10 12 1 10 12 1 1 10 12 1 10 10 12 1 10 12 1 10 12 1 10 12 1 10 12 1 10 12 1 10 12 1 10 12 10 10 12 10 10 12 1 10 10 12 1 10 10 12 1 10 10 12 1 10 10 12 1 10 10 12 1 10 10 12 1 1 10 10 12 1 10 5 0 10 12 1 10 12 1 10 10 12 1 10 10 12 1 1 10 10 12 1 10 10 12 1 9 12 1 1 100 1 10 10 12 1 10 12 1 1 3 10 100 12 1 1 1 10 12 1 10 100 12 1 1 100 1 10 10 12 1 1 10 12 1 1 10 12 1 1 8 1 10 12 1 9 100 12 1 1 1 10 12 1 10 10 12 1 10 12 1 1 10 12 1 10 10 12 1 1 10 10 12 1 1 100 1 8 1 10 12 1 1 10 7 12 1 1 1 8 1 10 12 1 1 9 12 1 1 100 1 100 1 100 1 1 1 1 3 1 3 1 3 1 3 1 1 1 1 1 3 1 1 3 1 3 1 3 1 3 1 3 1 3 1 3 1 3 1 3 1 3 1 3 1 3 1 3 1 3 1 3 1 3 1 3 1 3 1 3 1 3 1 3 1 3 1 3 1 3 1 3 1 3 1 3 1 3 1 1 1 1 1 1 1 1 1 1 1 1 1 1 1 1 1 1 1 3 1 1 1 1 1 1 1 3 1 1 3 1 1 1 1 1 3 1 1 5 0 1 1 1 1 1 1 1 1 1 1 1 1 1 1 1 1 1 1 1 1 1 1 1 1 1 1 1 1 1 1 1 1 1 1 1 1 1 1 1 1 1 1 1 1 1 1 1 1 1 1 1 1 1 1 1 1 1 1 1 1 1 1 1 1 1 1 1 1 1 1 1 1 1 1 1 1 1 1 1 1 1 1 1 1 1 1 1 1 1 100 1 100 1 1 1 1 1 1
staticfield java/lang/Character TYPE Ljava/lang/Class; java/lang/Class
staticfield java/lang/Character $assertionsDisabled Z 1
ciInstanceKlass java/lang/Float 1 1 223 7 1 100 1 10 100 12 1 1 1 10 100 12 1 1 1 4 100 1 10 12 1 1 10 12 1 1 8 1 8 1 10 100 12 1 1 1 10 12 1 1 10 12 1 1 10 4 4 4 10 7 12 1 1 9 12 1 1 10 12 1 1 10 12 1 10 12 1 10 12 1 1 10 12 1 10 12 1 3 10 12 1 1 10 12 1 1 10 12 1 10 100 12 1 1 1 10 12 1 1 10 12 1 1 8 1 10 7 12 1 1 1 9 12 1 1 100 1 100 1 100 1 1 1 1 1 4 1 1 1 4 1 1 3 1 3 1 3 1 3 1 1 1 1 5 0 1 1 1 1 1 1 1 1 1 1 7 1 1 1 1 1 1 1 1 1 1 1 1 1 3 1 1 1 1 1 1 1 1 1 1 1 1 1 1 1 1 1 1 1 1 1 1 1 1 1 1 1 1 1 1 1 1 1 1 1 1 1 1 7 1 1 1 1 1 1 1 100 1 100 1 1
staticfield java/lang/Float TYPE Ljava/lang/Class; java/lang/Class
instanceKlass com/google/gson/internal/LazilyParsedNumber
instanceKlass java/math/BigDecimal
instanceKlass java/math/BigInteger
instanceKlass java/util/concurrent/atomic/Striped64
instanceKlass java/util/concurrent/atomic/AtomicLong
instanceKlass java/util/concurrent/atomic/AtomicInteger
instanceKlass java/lang/Long
instanceKlass java/lang/Integer
instanceKlass java/lang/Short
instanceKlass java/lang/Byte
instanceKlass java/lang/Double
instanceKlass java/lang/Float
ciInstanceKlass java/lang/Number 1 1 37 10 7 12 1 1 1 10 100 12 1 1 1 100 1 1 1 1 5 0 1 1 1 1 1 1 1 1 1 1 1 1 1 1 1 1 1
ciInstanceKlass java/lang/Double 1 1 285 7 1 100 1 10 100 12 1 1 1 10 12 1 1 10 12 1 100 1 10 12 1 1 10 100 12 1 1 1 6 0 8 1 10 12 1 1 8 1 10 12 1 1 8 1 6 0 10 12 1 1 100 1 5 0 5 0 8 1 8 1 10 100 12 1 1 1 10 100 12 1 1 1 8 1 10 12 1 1 8 1 8 1 8 1 10 12 1 1 10 12 1 10 12 1 1 10 12 1 10 12 1 10 12 1 1 10 12 1 10 6 0 6 0 6 0 10 7 12 1 1 9 12 1 1 10 12 1 10 12 1 10 12 1 10 12 1 5 0 10 12 1 1 10 12 1 10 12 1 10 100 12 1 1 1 10 12 1 1 10 12 1 1 8 1 10 7 12 1 1 1 9 12 1 1 100 1 100 1 100 1 1 1 1 1 6 0 1 1 1 6 0 1 1 3 1 3 1 3 1 3 1 1 1 1 5 0 1 1 1 1 1 1 1 1 1 1 1 1 1 1 1 1 7 1 1 1 1 1 1 1 1 1 1 1 1 3 1 1 1 1 1 1 1 1 1 1 1 1 1 1 1 1 1 1 1 1 1 1 1 1 1 1 1 1 1 1 1 1 1 1 7 1 1 1 1 1 1 1 100 1 100 1 1
staticfield java/lang/Double TYPE Ljava/lang/Class; java/lang/Class
ciInstanceKlass java/lang/Byte 1 1 215 7 1 100 1 10 100 12 1 1 1 9 12 1 1 8 1 9 12 1 1 100 1 10 12 1 1 10 12 1 1 10 100 12 1 1 1 10 100 12 1 1 1 9 7 12 1 1 1 10 12 1 1 7 1 100 1 10 12 1 1 8 1 10 12 1 1 8 1 10 12 1 10 12 1 10 12 1 10 12 1 1 10 12 1 10 12 1 10 12 1 1 10 8 1 8 1 10 7 1 9 12 1 1 10 12 1 10 12 1 1 10 12 1 1 10 12 1 1 10 12 1 5 0 10 12 1 1 8 1 10 7 12 1 1 1 9 12 1 1 100 1 100 1 1 1 3 1 3 1 1 1 1 3 1 3 1 1 5 0 1 1 1 1 1 1 1 1 1 1 1 1 1 1 1 1 1 1 1 1 1 1 1 1 1 1 1 1 1 1 1 1 1 1 1 1 1 1 1 1 1 1 1 1 1 1 1 1 1 1 1 1 1 1 1
staticfield java/lang/Byte TYPE Ljava/lang/Class; java/lang/Class
ciInstanceKlass java/lang/Short 1 1 224 7 1 100 1 100 1 10 100 12 1 1 1 10 12 1 1 7 1 100 1 10 12 1 1 8 1 10 12 1 1 8 1 10 12 1 10 12 1 10 12 1 10 12 1 1 10 12 1 1 10 12 1 9 12 1 1 8 1 9 12 1 1 100 1 10 12 1 1 10 12 1 10 100 12 1 1 1 10 100 12 1 1 1 9 7 12 1 1 1 10 12 1 10 12 1 1 10 8 1 8 1 10 7 1 9 12 1 1 10 12 1 10 12 1 1 10 12 1 1 10 12 1 1 10 12 1 3 3 5 0 10 12 1 1 8 1 10 7 12 1 1 1 9 12 1 1 100 1 100 1 1 1 3 1 3 1 1 1 1 3 1 3 1 1 5 0 1 1 1 1 1 1 1 1 1 1 1 1 1 1 1 1 1 1 1 1 1 1 1 1 1 1 1 3 1 1 1 1 1 1 1 1 1 1 1 1 1 1 1 1 1 1 1 1 1 1 1 1 1 1 1 1 1
staticfield java/lang/Short TYPE Ljava/lang/Class; java/lang/Class
ciInstanceKlass java/lang/Integer 1 1 445 7 1 100 1 7 1 7 1 10 12 1 1 9 12 1 1 9 12 1 1 10 100 12 1 1 1 10 12 1 1 10 100 12 1 1 1 10 10 12 1 1 10 100 12 1 1 1 10 12 1 10 12 1 1 10 7 12 1 1 1 10 12 1 1 10 12 1 1 10 12 1 10 12 1 10 12 1 1 10 10 12 1 9 12 1 1 9 12 1 7 1 8 1 10 12 1 100 1 10 12 1 8 1 10 12 1 1 10 12 1 8 1 10 12 1 8 1 10 12 1 1 3 10 12 1 1 3 10 12 1 1 10 12 1 1 10 7 12 1 1 1 11 7 1 100 1 10 11 10 12 1 1 8 1 10 12 1 1 8 1 100 1 10 12 1 1 10 12 1 1 5 0 8 1 10 12 1 10 12 1 10 12 1 10 12 1 1 7 1 9 12 1 1 9 12 1 1 10 12 1 10 7 1 9 12 1 10 12 1 10 12 1 10 12 1 1 10 7 12 1 1 1 100 1 100 1 10 12 1 1 10 12 1 1 8 1 8 1 10 12 1 1 8 1 8 1 8 1 8 1 8 1 8 1 10 12 1 10 12 1 10 12 1 5 0 3 3 3 3 10 12 1 3 10 12 1 10 100 12 1 1 1 10 12 1 1 10 12 1 1 8 1 10 7 12 1 1 1 9 12 1 1 3 3 3 3 3 3 9 12 1 1 100 1 100 1 100 1 1 1 1 1 1 1 3 1 3 1 1 5 0 1 1 1 1 1 1 1 1 1 100 1 1 1 1 1 1 1 1 1 1 1 1 1 1 1 1 1 1 1 1 1 1 1 1 1 1 1 1 1 1 1 1 1 1 1 1 1 1 1 3 1 1 1 1 1 1 1 1 1 1 1 1 1 1 1 1 100 1 1 1 1 1 1 1 1 1 1 1 1 1 1 1 1 1 1 1 1 1 1 1 1 1 1 1 1 1 1 1 7 1 1 1 1 1 1 1 1 1 100 1 100 1 1
staticfield java/lang/Integer TYPE Ljava/lang/Class; java/lang/Class
staticfield java/lang/Integer digits [C 36
staticfield java/lang/Integer DigitTens [B 100
staticfield java/lang/Integer DigitOnes [B 100
staticfield java/lang/Integer sizeTable [I 10
ciMethod java/lang/Integer intValue ()I 256 0 128 0 -1
ciMethod java/lang/Integer valueOf (I)Ljava/lang/Integer; 148 0 3956 0 -1
ciInstanceKlass java/lang/Long 1 1 506 7 1 100 1 7 1 100 1 10 12 1 1 9 12 1 1 9 7 12 1 1 1 10 100 12 1 1 1 10 12 1 1 10 100 12 1 1 1 10 10 12 10 12 1 10 12 1 10 12 1 5 0 5 0 100 1 10 12 1 1 10 12 1 1 10 12 1 10 12 1 10 12 1 10 12 1 1 10 100 12 1 1 10 12 1 10 12 1 1 10 12 1 1 10 12 1 1 10 12 1 1 10 100 12 1 1 1 10 12 1 1 10 12 1 10 12 1 10 12 1 10 12 1 1 10 10 12 1 5 0 5 0 9 12 1 1 9 12 1 5 0 7 1 8 1 10 12 1 8 1 10 12 1 8 1 8 1 10 12 1 1 5 0 10 12 1 1 5 0 10 12 1 1 10 12 1 1 10 100 12 1 1 1 11 100 1 100 1 10 11 10 12 1 1 8 1 10 12 1 1 8 1 100 1 10 12 1 1 10 12 1 8 1 8 1 11 12 1 1 10 12 1 10 12 1 10 12 1 5 0 5 0 9 7 12 1 1 1 10 12 1 10 12 1 1 8 1 8 1 10 12 1 1 8 1 8 1 8 1 8 1 8 1 8 1 10 12 1 10 12 1 10 12 1 1 10 7 1 9 12 1 1 10 12 1 10 12 1 1 10 100 12 1 1 1 100 1 100 1 10 12 1 1 10 12 1 1 5 0 10 12 1 10 12 1 5 0 5 0 5 0 10 12 1 1 5 0 5 0 10 12 1 10 12 1 10 100 12 1 1 1 10 12 1 1 10 12 1 1 8 1 10 7 12 1 1 1 9 12 1 1 100 1 100 1 100 1 1 1 1 5 0 1 1 1 1 3 1 3 1 5 0 1 1 1 1 1 1 1 1 1 100 1 1 1 1 1 1 1 1 1 1 1 1 1 1 1 1 1 1 1 1 1 1 1 1 1 1 1 1 1 1 1 1 1 1 1 1 1 1 1 1 1 1 1 1 1 1 1 1 1 1 1 1 1 1 3 1 1 1 1 1 1 1 1 1 1 1 1 1 1 1 100 1 1 1 1 1 1 1 1 1 1 1 1 1 1 1 1 1 1 1 1 1 1 1 1 1 1 1 7 1 1 1 1 1 1 1 1 1 100 1 100 1 1
staticfield java/lang/Long TYPE Ljava/lang/Class; java/lang/Class
instanceKlass java/lang/ref/PhantomReference
instanceKlass java/lang/ref/FinalReference
instanceKlass java/lang/ref/WeakReference
instanceKlass java/lang/ref/SoftReference
ciInstanceKlass java/lang/ref/Reference 1 1 195 9 7 12 1 1 1 9 7 12 1 1 10 12 1 1 10 12 1 1 9 12 1 1 10 12 1 1 9 12 1 1 9 12 1 1 7 1 10 12 1 10 7 12 1 1 10 12 1 10 12 1 1 10 12 1 9 12 1 10 12 1 1 10 12 1 10 12 1 9 12 1 100 1 100 1 10 12 1 9 12 1 9 12 1 100 1 10 10 12 1 10 10 7 12 1 1 10 7 12 1 1 1 10 12 1 1 10 7 12 1 1 7 1 8 1 10 12 1 10 12 1 1 10 12 1 1 10 12 1 7 1 10 10 7 12 1 1 1 1 1 1 1 1 1 1 1 1 1 1 1 1 1 1 1 100 1 1 1 100 1 1 1 1 1 1 1 1 1 1 1 1 1 1 1 1 1 1 1 1 1 1 1 1 1 1 1 1 1 1 1 1 1 1 1
staticfield java/lang/ref/Reference processPendingLock Ljava/lang/Object; java/lang/Object
staticfield java/lang/ref/Reference $assertionsDisabled Z 1
instanceKlass java/io/ClassCache$CacheRef
instanceKlass sun/util/locale/provider/LocaleResources$ResourceReference
instanceKlass sun/util/resources/Bundles$BundleReference
instanceKlass sun/util/locale/LocaleObjectCache$CacheEntry
instanceKlass java/lang/invoke/LambdaFormEditor$Transform
ciInstanceKlass java/lang/ref/SoftReference 1 1 47 10 7 12 1 1 1 9 7 12 1 1 1 9 12 1 10 12 1 10 12 1 1 1 1 1 1 1 1 1 1 1 1 1 1 1 1 1 1 1 1 100 1 1 1 1 1
instanceKlass com/google/common/cache/LocalCache$WeakEntry
instanceKlass java/util/logging/LogManager$LoggerWeakRef
instanceKlass java/util/logging/Level$KnownLevel
instanceKlass java/lang/WeakPairMap$WeakRefPeer
instanceKlass java/lang/ClassValue$Entry
instanceKlass java/lang/ThreadLocal$ThreadLocalMap$Entry
instanceKlass java/lang/invoke/MethodType$ConcurrentWeakInternSet$WeakEntry
instanceKlass java/util/WeakHashMap$Entry
ciInstanceKlass java/lang/ref/WeakReference 1 1 31 10 7 12 1 1 1 10 12 1 100 1 1 1 1 1 1 1 1 1 1 1 1 1 1 1 1 1 1 1 1
instanceKlass java/lang/ref/Finalizer
ciInstanceKlass java/lang/ref/FinalReference 1 1 47 10 100 12 1 1 1 10 100 12 1 1 1 10 12 1 1 100 1 8 1 10 12 1 1 1 1 1 1 1 1 1 1 1 1 1 1 1 1 1 1 1 1 1 1 1 1
ciInstanceKlass java/lang/ref/Finalizer 1 1 152 9 7 12 1 1 1 10 100 12 1 1 1 9 12 1 1 9 12 1 1 9 12 1 9 12 1 10 12 1 10 12 1 1 9 12 1 1 100 1 10 12 1 100 1 11 100 12 1 1 100 1 10 12 1 100 1 10 12 1 10 100 12 1 1 1 10 100 12 1 1 1 100 1 10 10 12 1 10 7 12 1 1 1 7 1 10 7 1 10 10 7 12 1 1 1 10 12 1 1 10 7 12 1 1 7 1 10 12 1 10 12 1 1 10 12 1 1 10 12 1 1 1 1 1 1 1 1 1 1 1 1 1 1 1 1 1 1 1 1 1 1 1 1 1 1 1 1 1 1 1 1
staticfield java/lang/ref/Finalizer lock Ljava/lang/Object; java/lang/Object
staticfield java/lang/ref/Finalizer $assertionsDisabled Z 1
instanceKlass jdk/internal/ref/PhantomCleanable
instanceKlass jdk/internal/ref/Cleaner
ciInstanceKlass java/lang/ref/PhantomReference 1 1 39 10 100 12 1 1 1 10 7 12 1 1 1 1 1 1 1 1 1 1 1 1 1 1 1 1 1 1 1 1 1 1 1 1 1 1 1 1 1
instanceKlass java/lang/reflect/Executable
instanceKlass java/lang/reflect/Field
ciInstanceKlass java/lang/reflect/AccessibleObject 1 1 398 10 7 12 1 1 1 9 100 12 1 1 1 10 100 12 1 1 1 10 7 12 1 1 10 7 12 1 1 1 10 100 12 1 1 1 10 12 1 1 10 12 1 1 9 12 1 1 7 1 10 7 12 1 1 1 11 12 1 7 1 10 12 1 7 1 100 1 10 12 1 10 12 1 1 7 1 10 7 12 1 1 1 10 12 1 1 7 1 10 12 1 1 7 1 10 10 10 7 12 1 1 1 10 12 1 1 10 12 1 10 12 1 10 12 1 1 10 12 1 8 1 100 1 10 10 12 1 1 8 1 10 12 1 10 12 1 8 1 8 1 8 1 8 1 8 1 8 1 100 1 10 12 1 10 12 1 9 12 1 1 10 12 1 1 10 12 1 10 11 7 1 100 1 8 1 10 10 12 1 10 12 1 1 8 1 10 12 1 8 1 10 12 1 1 10 100 1 8 1 10 11 7 12 1 1 10 12 1 1 10 12 1 1 10 12 1 1 9 12 1 1 100 1 10 12 1 7 1 10 12 1 10 12 1 1 10 7 1 10 12 1 10 12 10 12 1 10 12 1 1 10 12 1 10 12 1 1 10 12 1 9 12 1 10 7 12 1 1 8 1 10 7 12 1 1 1 8 1 10 100 12 1 1 1 9 12 1 100 1 10 7 1 10 10 7 12 1 1 1 7 1 10 10 7 12 1 1 1 7 1 9 12 1 1 1 1 1 1 1 1 1 1 1 1 1 1 1 1 1 1 1 1 1 1 1 1 1 1 1 1 1 1 1 1 1 1 1 1 1 1 1 1 1 1 1 1 1 1 1 1 1 1 1 1 1 1 1 1 1 1 1 1 1 1 1 1 1 1 1 1 1 1 1 1 1 1 1 1 1 1 1 1 1 1 1 1 1
staticfield java/lang/reflect/AccessibleObject reflectionFactory Ljdk/internal/reflect/ReflectionFactory; jdk/internal/reflect/ReflectionFactory
instanceKlass java/lang/reflect/Constructor
instanceKlass java/lang/reflect/Method
ciInstanceKlass java/lang/reflect/Executable 1 1 548 10 7 12 1 1 1 10 7 12 1 1 1 10 7 12 1 1 1 11 7 12 1 1 1 10 7 12 1 1 1 10 12 1 1 10 7 12 1 1 1 10 7 12 1 1 1 10 12 1 8 1 10 10 12 1 1 10 12 1 1 10 7 12 1 1 1 18 12 1 1 11 7 12 1 1 1 8 1 8 1 8 1 10 7 12 1 1 1 11 12 1 1 7 1 8 1 8 1 10 12 1 100 1 8 1 10 12 1 8 1 11 100 12 1 1 1 100 1 10 12 1 1 11 12 1 8 1 18 8 1 10 12 1 10 12 1 1 18 8 1 10 12 1 100 1 10 12 1 10 12 1 11 7 12 1 1 10 12 1 1 8 1 8 1 10 12 1 1 10 12 1 1 10 10 12 1 100 1 10 10 12 1 10 12 1 1 10 7 12 1 1 10 12 1 10 12 1 10 12 1 1 10 100 12 1 1 10 12 1 10 12 1 10 100 12 1 1 1 10 12 1 8 1 10 12 1 10 12 1 3 100 1 8 1 10 12 1 10 12 1 10 10 12 1 10 12 1 1 8 1 8 1 8 1 9 12 1 10 12 1 100 1 8 1 9 12 1 10 12 1 10 12 1 1 10 12 1 1 10 12 1 10 12 10 12 1 7 1 10 12 1 10 12 1 1 100 1 10 100 12 1 1 1 7 1 10 7 12 1 1 1 10 12 1 1 11 7 12 1 1 10 7 12 1 1 10 100 12 1 1 1 10 12 1 1 9 12 1 10 12 1 1 10 12 1 10 12 1 1 9 7 12 1 1 1 10 7 12 1 1 1 10 12 1 10 12 1 1 9 12 1 10 10 10 10 100 12 1 1 1 10 12 1 9 12 1 10 12 1 1 9 12 1 100 1 100 1 1 1 1 1 1 1 1 1 1 1 1 1 1 1 1 1 1 1 1 1 1 1 1 1 1 1 1 1 1 1 1 1 1 100 1 1 1 1 1 1 1 1 100 1 1 1 1 1 1 1 1 1 1 1 1 100 1 1 1 1 1 1 1 1 1 1 1 1 1 1 1 1 1 1 1 1 1 1 1 1 1 1 1 1 1 1 1 1 1 1 1 1 1 1 1 1 1 100 1 1 1 1 1 1 1 1 1 1 1 1 1 1 1 1 1 1 1 1 1 100 1 100 1 1 15 10 7 12 1 1 1 16 15 16 1 16 1 15 10 12 16 1 100 1 1 100 1 100 1 1
ciInstanceKlass java/lang/reflect/Constructor 1 1 429 10 100 12 1 1 1 10 100 12 1 1 9 7 12 1 1 1 10 12 1 1 10 12 1 1 10 100 12 1 1 9 12 1 1 10 7 12 1 1 1 9 12 1 1 9 12 1 1 9 12 1 9 12 1 1 9 12 1 9 12 1 1 9 12 1 1 9 12 1 100 1 8 1 10 12 1 10 12 1 9 12 1 1 10 7 12 1 1 10 7 12 1 1 1 10 12 1 1 10 12 1 1 10 12 1 7 1 100 1 8 1 10 10 12 1 10 12 1 10 12 1 1 10 12 1 1 100 1 10 7 12 1 1 10 12 1 1 10 12 1 10 12 1 1 10 7 12 1 1 1 10 100 12 1 1 10 12 1 1 10 12 1 10 100 12 1 1 1 8 1 10 10 12 1 100 1 8 1 10 12 1 10 12 1 1 10 12 1 1 10 12 1 10 12 1 10 12 1 1 10 12 1 1 9 12 1 1 10 12 1 1 10 12 1 1 10 12 1 8 1 10 12 1 1 11 7 12 1 1 1 10 12 1 1 10 12 1 10 12 1 9 12 1 1 10 7 12 1 1 1 10 12 1 1 10 12 1 1 10 12 1 1 10 12 1 1 10 12 1 9 100 12 1 1 10 12 1 10 12 1 10 12 1 100 1 8 1 10 10 12 1 1 10 12 1 10 10 12 1 1 10 12 1 1 10 100 12 1 1 1 11 100 12 1 1 1 10 12 1 1 9 100 12 1 1 1 10 100 12 1 1 1 10 12 1 1 1 1 1 1 1 1 1 1 1 1 1 1 1 1 1 1 1 1 1 1 1 1 1 1 1 1 1 1 1 1 1 1 1 1 1 1 1 1 1 1 1 1 1 1 1 1 1 1 1 100 1 100 1 100 1 100 1 1 1 1 1 1 1 1 1 1 1 1 1 1 1 1 1 1 1 1 1 1 1 1 1 1 1 1 1 1 1 1 1 100 1 1
ciInstanceKlass java/lang/reflect/Method 1 1 446 9 7 12 1 1 1 10 7 12 1 1 1 10 7 12 1 1 9 12 1 1 10 12 1 1 10 12 1 1 10 7 12 1 1 10 7 12 1 1 1 9 12 1 1 9 12 1 9 12 1 1 9 12 1 9 12 1 9 12 1 1 9 12 1 9 12 1 1 9 12 1 9 12 1 9 12 1 1 100 1 8 1 10 12 1 10 12 1 9 12 1 1 8 1 10 7 12 1 1 10 7 12 1 1 1 10 12 1 1 10 12 1 1 10 12 1 10 12 1 1 10 12 1 1 100 1 10 12 1 1 10 12 10 7 12 1 1 10 12 1 1 10 12 1 10 12 1 10 12 1 10 7 12 1 1 1 10 12 1 1 10 7 1 10 7 12 1 1 1 10 7 12 1 1 10 12 1 1 10 12 1 1 10 12 1 10 7 12 1 1 1 10 12 1 10 8 1 10 12 1 10 12 1 7 1 8 1 8 1 8 1 10 12 1 10 12 1 1 10 12 1 1 10 10 12 1 1 10 12 1 11 100 1 9 12 1 1 10 12 1 1 10 12 1 10 12 1 1 10 12 1 1 11 7 12 1 1 1 10 12 1 10 12 1 10 12 1 10 12 1 10 12 1 9 12 1 1 10 7 12 1 1 1 10 12 1 1 10 7 12 1 1 1 10 7 12 1 1 1 10 7 12 1 1 1 11 7 12 1 1 1 10 7 12 1 1 1 7 1 100 1 100 1 10 12 1 10 12 1 1 10 12 1 100 1 8 1 10 12 1 10 10 12 1 1 10 12 1 1 10 12 1 1 10 12 1 1 8 1 10 12 1 1 1 1 1 1 1 1 1 1 1 1 1 1 1 1 1 1 1 1 1 1 1 1 1 1 1 1 1 1 1 1 1 1 1 1 1 1 1 1 1 1 1 1 1 1 1 1 1 1 1 1 1 100 1 100 1 100 1 1 1 1 1 1 1 1 1 1 1 1 1 1 1 1 1 1 1 1 1 1 1 1 1 1
ciInstanceKlass java/lang/reflect/Field 1 1 437 9 7 12 1 1 1 10 12 1 1 10 7 12 1 1 1 10 7 12 1 1 9 12 1 1 10 12 1 1 10 12 1 1 10 7 12 1 1 10 7 12 1 1 1 9 12 1 1 9 12 1 9 12 1 9 12 1 1 9 12 1 1 9 12 1 9 12 1 1 9 12 1 1 100 1 8 1 10 12 1 10 12 1 9 12 1 1 9 12 1 10 12 1 10 7 12 1 1 10 12 1 1 10 12 1 1 10 12 1 10 12 1 1 7 1 10 12 1 1 10 12 1 1 10 12 1 1 10 12 1 10 12 1 10 7 1 10 7 12 1 1 100 1 10 8 1 10 12 1 1 10 12 1 1 8 1 10 12 10 12 1 8 1 8 1 10 11 100 1 9 12 1 10 12 1 1 10 12 1 1 11 7 12 1 1 1 11 12 1 1 11 12 1 1 11 12 1 1 11 12 1 1 11 12 1 1 11 12 1 1 11 12 1 1 11 12 1 1 11 12 1 1 11 12 1 1 11 12 1 1 11 12 1 1 11 12 1 1 11 12 1 1 11 12 1 1 11 12 1 1 11 12 1 1 10 12 1 10 7 12 1 1 10 12 1 10 12 1 1 10 12 9 12 1 1 10 7 12 1 1 1 10 12 1 1 10 7 12 1 1 10 12 1 1 11 7 1 10 12 1 100 1 10 100 12 1 1 1 10 7 12 1 1 1 9 12 1 10 7 12 1 1 1 11 7 12 1 1 1 10 12 1 1 10 12 1 1 9 100 12 1 1 1 10 100 12 1 1 1 10 12 1 1 100 1 1 1 1 1 1 1 1 1 1 1 1 1 1 1 1 1 1 1 1 1 1 1 1 1 1 1 1 1 1 1 1 1 1 1 100 1 1 1 1 1 1 1 1 1 1 1 1 1 1 1 1 1 1 1 1 1 1 1 1 1 1 1 1 1 1 1 1 1 1 100 1 1 1 1 1 1 1 1 100 1 1
ciInstanceKlass java/lang/reflect/Parameter 0 0 226 10 100 12 1 1 1 9 100 12 1 1 1 9 12 1 1 9 12 1 1 9 12 1 10 12 1 1 10 12 1 1 10 100 12 1 1 1 100 1 10 10 12 1 1 11 100 12 1 1 1 10 12 1 10 100 12 1 1 1 10 12 1 1 10 12 1 10 12 1 8 1 8 1 10 100 12 1 1 1 10 12 1 10 12 10 12 1 8 1 10 12 1 9 12 1 1 10 12 1 1 9 12 1 1 10 12 1 1 10 12 1 1 10 12 1 1 10 12 1 10 10 12 1 10 100 12 1 1 1 10 12 1 1 11 100 12 1 1 10 100 12 1 1 100 1 10 100 12 1 1 1 10 12 1 1 10 12 1 1 10 12 1 1 10 12 1 1 9 12 1 100 1 10 11 12 1 1 11 12 1 1 100 1 1 1 1 1 1 1 1 1 1 1 1 1 1 1 1 1 1 1 1 1 1 1 1 1 1 1 1 1 1 1 1 1 1 1 1 1 1 100 1 1 1 1
ciInstanceKlass java/lang/StringBuffer 1 1 470 10 7 12 1 1 1 10 12 1 10 12 1 10 12 1 1 9 7 12 1 1 1 10 12 1 1 10 12 1 10 12 1 1 9 12 1 1 10 12 1 10 12 1 1 10 12 1 1 10 12 1 10 12 1 1 10 12 1 10 12 1 1 10 12 1 1 10 100 12 1 1 1 10 12 1 1 10 12 1 10 12 1 10 12 1 10 12 1 10 12 1 10 12 1 10 12 1 10 12 1 10 12 1 10 12 1 10 12 1 10 12 1 10 12 1 10 12 1 1 10 12 1 10 12 1 1 10 12 1 1 10 10 12 1 1 10 12 1 10 12 1 10 12 1 10 12 1 10 12 1 10 12 1 10 12 10 12 1 10 12 1 10 12 1 10 12 1 1 10 12 1 10 12 1 10 10 12 1 1 10 12 1 1 9 12 1 1 10 7 12 1 1 1 10 100 1 10 10 100 12 1 1 1 10 10 12 1 10 8 10 100 12 1 1 1 8 10 12 1 8 1 10 12 1 10 12 1 10 100 12 1 1 1 10 100 12 1 1 1 7 1 10 12 100 1 8 1 10 10 12 1 1 10 12 1 1 10 12 1 1 10 12 1 10 12 1 10 12 1 10 12 1 10 12 1 10 12 1 10 12 1 10 12 1 10 12 1 10 12 1 10 12 1 10 12 1 10 12 1 10 12 1 10 12 1 10 12 1 10 12 10 12 10 12 1 10 12 1 10 12 1 10 12 10 12 1 10 12 1 10 12 1 10 12 1 10 12 1 10 12 1 10 12 1 10 12 1 10 12 1 10 12 1 10 12 1 7 1 10 12 1 9 7 12 1 1 1 9 7 1 9 12 1 1 100 1 100 1 100 1 1 1 1 5 0 1 1 1 1 1 1 1 1 1 1 1 1 1 1 1 1 1 1 1 1 1 1 1 1 1 1 1 1 1 1 1 1 1 1 1 1 1 1 1 1 1 1 1 1 1 1 1 1 1 1 1 1 1 1 1 1 1 1 1 1 100 1 1 1 1 1 100 1 1 1 1 1 1 1 1 1 1 1 1 1 1 1 1 1
staticfield java/lang/StringBuffer serialPersistentFields [Ljava/io/ObjectStreamField; 3 [Ljava/io/ObjectStreamField;
instanceKlass java/lang/StringBuilder
instanceKlass java/lang/StringBuffer
ciInstanceKlass java/lang/AbstractStringBuilder 1 1 547 7 1 7 1 10 7 12 1 1 1 9 7 12 1 1 1 9 12 1 9 12 1 1 9 12 1 1 10 7 12 1 1 1 10 12 1 1 3 3 10 12 1 10 12 1 1 11 7 1 100 1 100 1 10 8 1 10 12 1 10 12 1 10 12 1 1 10 12 1 10 12 1 10 12 1 9 12 1 1 10 12 1 1 10 7 12 1 1 1 10 10 12 1 10 12 1 10 12 1 1 10 12 1 1 10 7 12 1 1 1 10 7 12 1 1 1 100 1 8 1 10 10 12 1 1 100 1 10 12 10 12 1 1 10 10 12 1 1 10 12 1 1 10 12 1 1 10 12 1 1 100 1 10 10 12 1 10 7 12 1 1 1 10 12 1 1 10 12 1 10 12 1 1 10 10 12 1 1 10 12 10 12 1 10 12 1 1 10 12 1 1 10 12 1 1 10 12 1 10 10 12 1 1 10 12 1 10 12 1 1 8 1 10 12 1 1 10 12 1 10 12 1 10 12 1 10 12 1 10 12 1 10 12 1 10 7 12 1 1 10 12 1 10 12 1 10 100 12 1 1 1 10 12 1 10 12 1 10 12 1 10 12 1 10 12 1 1 10 12 1 10 12 1 1 10 12 1 1 10 10 7 12 1 1 1 10 12 1 10 12 1 10 12 1 1 10 12 1 10 12 1 10 12 1 10 12 1 10 12 1 10 12 1 10 12 1 10 12 1 10 12 1 1 10 12 1 10 12 1 10 12 10 12 1 1 18 12 1 1 100 1 10 100 12 1 1 1 18 10 12 1 1 10 12 1 10 12 1 1 11 12 1 10 12 1 10 12 1 10 10 12 1 10 8 1 8 1 8 1 10 10 100 1 10 12 1 100 1 10 100 1 10 100 1 1 1 3 1 1 1 1 1 1 1 1 1 1 100 1 1 1 1 1 1 1 1 1 1 1 1 1 1 1 1 1 1 1 1 1 1 1 1 1 1 1 1 1 1 1 1 1 1 1 1 1 1 1 1 1 1 1 1 1 1 1 1 1 1 1 1 1 1 1 1 1 1 1 1 1 1 1 1 1 1 1 1 1 1 1 1 1 1 1 1 1 1 1 1 1 1 1 1 1 1 1 1 1 1 1 1 1 1 1 1 1 100 1 1 100 1 1 1 1 1 100 1 1 1 1 1 1 15 10 100 12 1 1 1 16 1 15 10 12 16 15 10 12 1 1 1 1 100 1 100 1 1
staticfield java/lang/AbstractStringBuilder EMPTYVALUE [B 0
ciInstanceKlass java/lang/SecurityManager 0 0 576 10 100 12 1 1 1 9 100 12 1 1 1 10 100 12 1 1 1 100 1 8 1 10 12 1 10 12 1 1 10 100 12 1 1 1 10 100 1 10 100 1 10 9 100 12 1 1 1 10 100 12 1 1 1 10 12 1 1 10 100 12 1 1 100 1 8 1 10 9 12 1 1 9 12 1 8 1 9 12 1 100 1 10 8 1 10 12 1 1 10 12 1 10 12 1 1 100 1 10 10 12 1 1 100 1 8 1 10 12 1 8 1 8 1 8 1 8 1 8 1 8 1 10 12 1 8 1 8 1 8 1 8 1 8 1 10 100 12 1 1 1 10 12 1 1 8 1 100 1 8 1 10 8 1 8 1 8 1 8 1 8 1 10 100 12 1 1 8 1 100 1 8 1 8 1 10 8 1 10 12 1 100 1 8 1 10 10 12 1 1 10 12 1 10 12 1 10 12 1 10 100 12 1 1 1 10 12 1 10 100 12 1 1 11 100 12 1 1 1 18 12 1 1 11 100 12 1 1 1 18 12 1 1 11 12 1 1 18 18 11 12 1 18 12 1 11 12 1 1 9 12 1 1 9 12 1 9 12 1 9 12 1 100 1 10 100 12 1 1 10 12 1 10 12 1 18 12 1 18 10 100 12 1 1 1 18 12 1 10 12 1 18 18 8 1 10 12 1 9 12 1 1 11 100 12 1 1 1 8 1 100 1 10 12 1 10 12 1 1 10 12 1 1 9 12 1 1 10 12 1 10 12 1 1 8 1 100 1 10 9 12 1 8 1 10 12 1 8 1 100 1 10 10 100 12 1 1 10 100 1 9 100 12 1 1 1 11 12 1 1 10 12 1 11 12 1 10 12 1 100 1 10 10 12 1 1 10 12 1 1 1 1 1 1 1 1 1 1 1 100 1 1 1 1 1 1 1 1 1 1 1 1 1 1 1 1 1 1 1 1 1 1 1 1 1 1 1 1 1 1 1 1 1 1 1 1 1 1 1 1 1 1 1 1 1 1 1 1 1 1 1 1 1 1 1 1 3 1 1 1 1 1 1 1 1 1 1 100 1 1 1 1 1 1 1 1 1 1 1 1 1 1 1 1 1 1 1 1 1 1 1 1 1 1 1 1 1 1 1 1 1 1 1 1 1 1 15 10 100 12 1 1 1 16 15 10 100 12 1 1 1 16 1 16 15 10 12 16 1 15 10 12 16 15 11 100 1 16 1 16 1 15 10 12 16 15 10 12 16 15 10 12 1 16 1 15 11 12 1 15 10 12 16 15 10 16 1 1 1 1 100 1 100 1 1
ciInstanceKlass java/security/AccessControlContext 1 1 373 9 7 12 1 1 1 9 12 1 1 10 100 12 1 1 1 8 1 10 100 12 1 1 1 10 7 12 1 1 1 9 12 1 9 12 1 1 9 12 1 1 10 7 12 1 1 100 1 10 12 1 11 100 12 1 1 1 11 12 1 11 12 1 11 12 1 1 7 1 11 12 1 1 10 12 1 10 7 12 1 1 1 9 100 12 1 1 1 10 100 12 1 1 1 11 100 12 1 1 1 10 7 1 100 1 8 1 10 12 1 10 12 1 1 7 1 10 7 12 1 1 1 9 12 1 9 12 1 9 12 1 9 12 1 1 9 12 1 1 9 12 1 9 12 1 10 7 12 1 1 1 9 12 1 10 12 1 1 10 12 1 1 8 1 10 12 1 1 10 12 1 1 10 100 12 1 1 1 100 1 10 10 12 1 1 10 100 12 1 1 1 10 8 1 10 100 12 1 1 8 1 10 100 12 1 1 8 1 8 1 10 12 1 8 1 10 12 1 8 1 10 12 1 10 12 1 10 12 1 1 8 1 8 1 100 1 10 12 1 10 12 1 1 100 1 10 12 1 8 1 10 12 1 10 12 1 10 8 1 10 12 1 1 10 12 1 1 10 12 1 1 10 12 1 1 10 12 1 10 12 1 10 12 1 10 12 1 1 10 10 10 12 1 1 1 1 1 1 1 1 1 1 1 1 1 1 1 1 1 1 1 1 1 1 1 1 100 1 1 1 1 1 1 1 1 1 1 1 1 1 1 1 1 1 1 1 1 1 1 1 1 1 1 1 1 1 1 1 1 1 1 1 1 1 1 1 1 1 1 1 1 1 1 1 1 1 1 1 1 3 1 1
ciInstanceKlass java/net/URL 1 1 743 10 7 12 1 1 1 10 12 1 10 7 12 1 1 9 12 1 1 9 12 1 10 7 12 1 1 1 10 12 1 1 10 12 1 1 9 12 1 1 10 7 12 1 1 1 8 1 10 12 1 1 100 1 10 10 12 1 1 8 1 10 12 1 1 9 12 1 100 1 8 1 10 12 1 10 12 1 8 1 9 12 1 10 12 1 1 9 12 1 10 12 1 10 12 1 9 12 1 9 12 1 8 1 9 12 1 10 12 1 1 8 1 9 12 1 1 10 12 1 1 10 7 12 1 1 1 8 1 10 12 1 7 1 10 12 1 10 12 1 10 12 1 10 12 1 1 10 12 1 1 8 1 10 12 1 1 10 12 1 8 1 9 12 1 8 1 10 12 1 10 7 12 1 1 1 100 1 10 12 1 10 12 1 1 10 7 12 1 1 1 100 1 8 1 10 10 12 1 8 1 10 12 1 1 10 12 1 10 12 1 10 12 1 10 12 1 10 12 1 8 1 10 12 1 10 10 7 12 1 1 1 10 12 1 9 100 12 1 1 1 10 100 12 1 1 1 9 12 1 1 10 12 1 10 100 12 1 1 1 100 1 100 1 10 12 1 10 12 1 10 12 1 10 12 1 10 12 1 10 12 10 10 10 12 1 100 1 10 12 1 10 12 1 1 8 1 9 100 12 1 1 1 10 100 12 1 1 1 10 12 1 1 9 100 12 1 1 1 10 12 1 1 100 1 10 12 1 10 12 1 10 10 12 1 1 10 12 1 1 10 12 1 10 12 1 10 12 1 10 7 12 1 1 1 10 12 1 1 10 12 1 9 12 1 1 9 12 1 1 100 1 8 1 10 10 12 1 9 12 1 1 10 7 12 1 1 8 1 10 100 12 1 1 8 1 10 12 1 1 10 12 1 8 1 8 1 10 7 12 1 1 1 100 1 10 100 12 1 1 1 10 12 1 10 12 1 100 1 10 9 12 1 1 10 7 12 1 1 8 1 10 12 1 1 100 1 10 10 100 12 1 1 1 8 9 100 12 1 1 1 10 12 1 10 12 1 10 12 1 10 12 1 10 100 12 1 1 11 7 12 1 1 10 12 1 10 12 1 9 12 1 10 12 1 1 10 100 12 1 1 10 100 12 1 1 1 8 10 100 12 1 1 100 1 10 8 8 10 12 1 8 8 8 100 1 10 12 1 9 12 1 1 10 12 1 10 12 1 1 10 12 1 10 12 10 12 1 1 10 12 1 1 10 10 10 12 1 10 12 1 10 12 1 10 12 1 10 12 1 10 10 12 1 100 1 8 1 10 10 10 12 1 1 10 12 1 10 12 1 1 8 1 7 1 10 10 10 7 1 10 12 1 9 7 12 1 1 1 9 12 1 1 7 1 10 10 7 12 1 1 1 100 1 1 1 1 1 5 0 1 1 1 1 1 1 1 1 1 1 1 1 1 1 1 1 1 1 1 1 1 1 1 1 1 1 1 1 1 1 1 1 1 1 1 1 1 1 1 100 1 1 1 1 1 1 1 1 1 1 1 1 1 1 1 1 1 1 1 1 1 1 1 1 1 1 1 1 1 1 1 1 1 1 1 1 1 100 1 1 1 1 1 1 1 1 1 1 1 1 1 1 1 1 100 1 1 1 1 1 1 1 1 1 1 1 1 1 1 1 1 1 1
staticfield java/net/URL defaultFactory Ljava/net/URLStreamHandlerFactory; java/net/URL$DefaultFactory
staticfield java/net/URL streamHandlerLock Ljava/lang/Object; java/lang/Object
staticfield java/net/URL serialPersistentFields [Ljava/io/ObjectStreamField; 7 [Ljava/io/ObjectStreamField;
ciInstanceKlass java/util/jar/Manifest 1 1 336 10 7 12 1 1 1 7 1 10 9 7 12 1 1 1 7 1 10 9 12 1 1 9 12 1 1 10 12 1 10 12 1 1 10 12 1 1 10 12 1 1 10 12 1 1 11 7 1 11 12 1 1 10 12 1 1 10 100 12 1 1 1 100 1 100 1 10 8 1 10 12 1 1 10 12 1 1 10 12 1 10 12 1 11 100 1 10 12 1 10 12 1 1 11 12 1 1 10 12 1 11 12 1 1 11 100 12 1 1 1 11 100 12 1 1 11 12 1 1 100 1 10 12 1 8 1 11 12 1 7 1 10 12 1 1 11 12 1 10 12 1 10 12 1 10 100 12 1 1 1 8 1 10 12 1 1 10 9 7 12 1 1 1 10 12 1 1 10 100 12 1 10 12 1 10 12 1 9 100 12 1 1 1 8 1 10 12 1 8 1 8 1 7 1 10 12 1 10 12 1 10 12 1 1 100 1 8 1 10 12 1 1 8 1 10 10 12 1 1 8 1 10 12 1 1 10 100 12 1 1 1 10 12 1 10 11 12 1 1 10 12 1 10 7 12 1 1 1 10 12 1 1 10 12 1 1 11 10 12 1 11 10 12 1 100 1 1 1 1 1 1 1 1 1 1 1 1 1 1 1 1 1 1 1 1 1 1 1 1 1 1 1 1 1 1 1 1 1 1 1 1 1 1 1 1 1 1 1 100 1 1 1 1 1 1 1 1 1 1 1 1 1 1 100 1 1 1 1 1 1 1 1 1 1 1
instanceKlass com/google/common/collect/Maps$ViewCachingAbstractMap
instanceKlass java/util/Collections$SingletonMap
instanceKlass com/google/common/collect/MapMakerInternalMap
instanceKlass com/google/common/cache/LocalCache
instanceKlass java/util/TreeMap
instanceKlass java/util/concurrent/ConcurrentSkipListMap
instanceKlass java/util/IdentityHashMap
instanceKlass sun/util/PreHashedMap
instanceKlass java/util/EnumMap
instanceKlass java/util/WeakHashMap
instanceKlass java/util/Collections$EmptyMap
instanceKlass java/util/HashMap
instanceKlass java/util/ImmutableCollections$AbstractImmutableMap
instanceKlass java/util/concurrent/ConcurrentHashMap
ciInstanceKlass java/util/AbstractMap 1 1 192 10 7 12 1 1 1 10 7 12 1 1 1 11 7 12 1 1 1 10 11 12 1 1 11 7 12 1 1 1 11 12 1 1 7 1 11 12 1 10 12 1 1 11 12 1 100 1 10 11 12 1 11 7 1 10 12 1 1 11 12 1 9 12 1 1 100 1 10 12 1 9 12 1 1 100 1 10 11 11 12 1 1 11 12 1 100 1 100 1 11 12 1 8 1 100 1 10 10 12 1 1 8 1 10 12 1 10 12 1 1 10 12 1 1 1 1 1 1 1 1 1 1 1 1 1 1 1 1 1 1 1 1 1 1 1 1 1 1 1 1 1 1 1 1 1 1 1 1 1 1 1 1 100 1 1 1 1 1 1 1 1 1 1 1 1 1 1 1 1 100 1 1 1 1 1 1 1 1 1 100 1 100 1 100 1 100 1 1 1 1 1
instanceKlass net/bytebuddy/matcher/FilterableList$Empty
instanceKlass net/bytebuddy/matcher/FilterableList$AbstractBase
instanceKlass com/sun/xml/bind/v2/model/impl/ElementPropertyInfoImpl$1
instanceKlass java/util/ArrayList$SubList
instanceKlass com/google/common/collect/Lists$TransformingRandomAccessList
instanceKlass java/util/Collections$SingletonList
instanceKlass java/util/AbstractSequentialList
instanceKlass java/util/Vector
instanceKlass java/util/Arrays$ArrayList
instanceKlass java/util/Collections$EmptyList
instanceKlass java/util/ArrayList
ciInstanceKlass java/util/AbstractList 1 1 218 10 7 12 1 1 1 9 7 12 1 1 1 10 12 1 1 10 12 1 1 100 1 10 10 12 1 1 11 100 12 1 1 1 11 12 1 1 11 12 1 10 7 12 1 1 1 10 12 1 11 12 1 11 12 1 11 12 1 10 12 1 1 10 12 1 1 11 100 12 1 1 1 11 7 1 11 7 1 10 12 1 100 1 10 12 1 10 12 1 1 100 1 100 1 10 12 1 100 1 10 100 1 100 1 10 8 1 10 12 1 1 10 12 1 10 12 1 1 10 12 1 8 1 100 1 8 1 8 1 8 1 10 100 1 11 10 10 12 1 11 12 1 10 12 1 1 8 1 8 1 1 1 1 1 1 1 1 1 1 1 1 1 1 1 1 1 1 1 1 1 1 1 1 1 1 1 1 1 1 1 1 1 1 1 1 1 1 1 1 1 1 1 1 1 1 1 1 1 1 1 1 1 1 1 1 1 1 100 1 100 1 1 1 1 1 1 1
ciInstanceKlass java/lang/AssertionStatusDirectives 0 0 24 10 100 12 1 1 1 100 1 1 1 1 1 1 1 1 1 1 1 1 1 1 1 1
ciInstanceKlass java/lang/invoke/MethodHandleNatives$CallSiteContext 1 1 49 10 7 12 1 1 1 7 1 10 10 7 12 1 1 1 10 7 12 1 1 1 10 7 12 1 1 1 100 1 1 1 1 1 1 1 1 1 1 1 1 1 1 1 1 1 100 1 1
ciInstanceKlass jdk/internal/invoke/NativeEntryPoint 0 0 92 10 100 12 1 1 1 9 100 12 1 1 1 10 100 12 1 1 1 100 1 9 12 1 9 12 1 9 12 1 1 9 12 1 1 9 12 1 1 100 1 8 1 10 12 1 11 100 12 1 1 1 10 12 1 1 10 12 1 11 100 12 1 1 11 12 1 10 12 1 1 10 12 1 1 1 1 1 1 1 1 1 1 1 1 1 1 1 1 1 1 1
instanceKlass java/lang/invoke/VolatileCallSite
instanceKlass java/lang/invoke/MutableCallSite
instanceKlass java/lang/invoke/ConstantCallSite
ciInstanceKlass java/lang/invoke/CallSite 1 1 302 10 7 12 1 1 1 10 7 12 1 1 1 9 7 12 1 1 1 10 12 1 1 9 12 1 1 10 7 12 1 1 1 10 12 1 100 1 10 12 1 1 10 12 1 1 9 100 12 1 1 1 10 100 12 1 1 10 12 1 1 100 1 100 1 10 10 100 12 1 1 1 10 12 1 1 8 1 10 12 1 10 12 1 1 10 12 1 10 12 1 1 10 12 1 1 10 10 100 12 1 1 10 12 1 1 9 12 1 9 100 12 1 1 1 8 1 10 7 12 1 1 1 10 12 1 1 100 1 10 12 1 1 9 12 1 8 1 100 1 10 12 1 10 12 1 100 1 8 1 10 10 12 1 10 12 1 1 100 1 10 12 1 1 10 12 1 10 12 1 10 12 1 1 10 12 1 1 9 12 1 1 8 10 12 1 1 9 12 1 1 100 1 10 10 12 1 10 100 12 1 1 1 10 12 1 1 10 12 1 1 10 12 1 10 7 12 1 1 1 100 1 8 1 10 10 12 10 12 1 1 100 1 100 1 100 1 8 1 10 12 1 10 7 12 1 1 1 1 1 1 1 1 1 1 1 1 1 1 1 1 1 1 1 1 1 1 1 1 1 1 1 1 1 1 1 1 1 1 1 1 1 1 1 1 1 1 1 1 1 1 1 1 1 1 1 1 1 1 1 1 1
staticfield java/lang/invoke/CallSite $assertionsDisabled Z 1
ciInstanceKlass java/lang/invoke/VolatileCallSite 0 0 37 10 100 12 1 1 1 10 12 1 10 100 12 1 1 1 10 12 1 10 12 1 1 1 1 1 1 1 1 1 1 1 1 1 1 1 1
ciInstanceKlass java/lang/invoke/MethodType 1 1 771 7 1 10 7 12 1 1 1 9 12 1 1 9 12 1 1 9 12 1 1 10 7 12 1 1 1 9 7 12 1 1 8 1 10 100 12 1 1 1 9 7 1 9 7 1 10 12 1 1 100 1 10 8 1 10 12 1 1 10 12 1 10 12 1 1 100 1 8 1 10 12 1 100 1 10 10 12 1 10 12 1 1 10 12 1 1 11 7 12 1 1 1 9 12 1 11 12 1 1 7 7 1 10 7 12 1 1 1 10 12 1 9 12 1 1 10 7 12 1 1 10 12 1 1 10 7 12 1 1 1 10 7 12 1 1 1 10 12 1 9 12 1 1 10 12 1 1 100 1 10 12 1 1 10 12 1 1 10 12 1 1 10 12 1 1 10 12 1 1 10 12 1 10 12 1 10 12 1 1 10 12 1 8 1 8 1 10 12 1 1 9 12 1 1 100 1 10 10 12 1 1 10 12 1 10 12 1 1 10 12 1 1 10 12 1 10 12 1 1 10 12 1 8 1 10 12 1 1 10 100 12 1 1 1 10 12 1 10 12 1 1 10 12 1 10 12 1 10 12 1 1 10 12 1 10 12 1 9 12 1 10 12 1 10 10 12 1 1 10 12 1 9 12 1 1 10 12 1 1 10 12 1 1 10 12 1 1 10 12 1 1 7 1 10 12 10 12 1 10 12 1 100 1 8 1 8 1 8 1 10 12 1 10 12 1 10 12 1 10 11 12 1 1 11 12 1 10 100 12 1 1 1 9 12 1 10 12 1 10 12 1 1 10 12 1 1 10 12 1 10 12 1 10 100 12 1 1 1 10 12 1 1 10 12 1 10 12 1 10 12 1 10 9 12 1 1 7 1 10 12 1 10 12 1 1 9 100 12 1 1 1 10 100 12 1 1 1 10 100 12 1 1 1 10 12 1 1 10 100 12 1 1 1 10 12 1 1 8 1 10 7 12 1 1 1 11 12 1 1 9 12 1 1 10 12 1 1 10 12 1 10 12 1 1 10 12 1 1 10 100 12 1 1 100 1 10 12 1 1 11 100 12 1 1 1 18 12 1 1 11 12 1 1 18 12 1 11 12 1 100 1 11 100 12 1 1 10 12 1 100 1 10 12 1 10 100 12 1 1 10 12 1 1 9 12 1 1 9 100 12 1 1 1 10 100 12 1 1 1 9 12 1 10 100 12 1 1 10 12 1 100 10 12 1 1 10 12 1 10 7 1 7 1 9 12 1 1 100 1 100 1 100 1 1 1 5 0 1 1 1 1 1 1 1 3 1 3 1 3 1 1 1 1 1 1 1 1 1 1 1 1 1 1 1 1 1 1 1 1 1 1 1 1 1 1 1 1 1 1 1 1 1 1 1 1 1 1 1 1 1 1 1 1 1 1 1 1 1 1 1 1 1 1 1 1 1 1 1 1 1 1 1 1 1 1 1 1 1 1 1 1 1 1 1 1 1 1 1 1 1 1 1 1 1 1 1 1 1 1 1 1 1 1 1 1 1 1 1 1 1 1 1 1 1 1 1 1 1 1 1 1 1 1 1 1 1 1 1 1 1 1 1 1 1 1 1 100 1 100 1 1 1 1 1 1 1 1 1 1 1 1 1 100 1 1 1 100 1 1 1 1 1 1 1 1 1 1 1 1 1 1 1 1 1 1 1 1 1 15 10 100 12 1 1 1 16 15 10 12 16 16 15 10 12 16 1 1 1 1 100 1 1 100 1 1 100 1 100 1 1
staticfield java/lang/invoke/MethodType internTable Ljava/lang/invoke/MethodType$ConcurrentWeakInternSet; java/lang/invoke/MethodType$ConcurrentWeakInternSet
staticfield java/lang/invoke/MethodType NO_PTYPES [Ljava/lang/Class; 0 [Ljava/lang/Class;
staticfield java/lang/invoke/MethodType objectOnlyTypes [Ljava/lang/invoke/MethodType; 20 [Ljava/lang/invoke/MethodType;
staticfield java/lang/invoke/MethodType METHOD_HANDLE_ARRAY [Ljava/lang/Class; 1 [Ljava/lang/Class;
staticfield java/lang/invoke/MethodType serialPersistentFields [Ljava/io/ObjectStreamField; 0 [Ljava/io/ObjectStreamField;
staticfield java/lang/invoke/MethodType $assertionsDisabled Z 1
ciInstanceKlass java/lang/BootstrapMethodError 0 0 45 10 100 12 1 1 1 10 12 1 10 12 1 10 100 12 1 1 1 10 100 12 1 1 1 1 1 1 5 0 1 1 1 1 1 1 1 1 1 1 1 100 1 1 1
instanceKlass jdk/net/UnixDomainPrincipal
ciInstanceKlass java/lang/Record 0 0 22 10 100 12 1 1 1 100 1 1 1 1 1 1 1 1 1 1 1 1 1 1
ciInstanceKlass java/lang/ClassNotFoundException 1 1 96 7 1 10 7 12 1 1 1 10 12 1 10 12 1 1 10 100 12 1 1 1 8 1 10 100 12 1 1 1 10 7 12 1 1 10 100 12 1 1 1 10 100 12 1 1 1 10 12 1 1 7 1 10 12 1 9 12 1 1 1 1 1 5 0 1 1 1 1 1 1 1 1 1 1 1 1 1 1 1 1 1 1 100 1 1 1 1 1 1 1 1 1 1 1 1
staticfield java/lang/ClassNotFoundException serialPersistentFields [Ljava/io/ObjectStreamField; 1 [Ljava/io/ObjectStreamField;
ciInstanceKlass jdk/internal/loader/ClassLoaders$AppClassLoader 1 1 119 8 1 10 7 12 1 1 1 10 7 12 1 1 1 10 100 12 1 1 1 10 12 1 1 10 100 12 1 1 1 10 12 1 1 10 12 1 1 7 1 8 1 10 12 10 7 12 1 1 1 10 7 12 1 1 10 12 1 1 10 12 1 1 10 7 12 1 1 1 100 1 10 12 1 1 1 1 1 1 1 1 1 1 1 1 1 1 1 1 1 1 1 1 1 7 1 1 1 1 1 1 1 1 1 1 1 1 1 1 1 1 1 1 1 100 1 1 1
ciInstanceKlass jdk/internal/loader/ClassLoaders$PlatformClassLoader 1 1 42 8 1 10 7 12 1 1 1 10 7 12 1 1 1 100 1 10 12 1 100 1 1 1 1 1 1 1 1 1 1 1 1 1 1 100 1 1 1 100 1 1
ciInstanceKlass java/lang/ArithmeticException 1 1 26 10 100 12 1 1 1 10 12 1 100 1 1 1 1 5 0 1 1 1 1 1 1 1 1 1
ciInstanceKlass java/lang/NullPointerException 1 1 52 10 7 12 1 1 1 10 12 1 9 7 12 1 1 1 10 12 1 1 9 12 1 1 10 12 1 1 10 12 1 1 1 1 5 0 1 1 1 1 1 1 1 1 100 1 100 1 100 1 1 1
ciInstanceKlass java/lang/IllegalMonitorStateException 1 1 26 10 100 12 1 1 1 10 12 1 100 1 1 1 1 5 0 1 1 1 1 1 1 1 1 1
ciInstanceKlass java/lang/OutOfMemoryError 1 1 26 10 100 12 1 1 1 10 12 1 100 1 1 1 1 5 0 1 1 1 1 1 1 1 1 1
ciInstanceKlass java/lang/InternalError 1 1 34 10 7 12 1 1 1 10 12 1 10 12 1 10 12 1 100 1 1 1 1 5 0 1 1 1 1 1 1 1 1 1 1 1
ciInstanceKlass java/lang/ClassCastException 1 1 26 10 100 12 1 1 1 10 12 1 100 1 1 1 1 5 0 1 1 1 1 1 1 1 1 1
ciInstanceKlass java/lang/NoClassDefFoundError 0 0 26 10 100 12 1 1 1 10 12 1 100 1 1 1 1 5 0 1 1 1 1 1 1 1 1 1
instanceKlass java/nio/IntBuffer
instanceKlass java/nio/LongBuffer
instanceKlass java/nio/CharBuffer
instanceKlass java/nio/ByteBuffer
ciInstanceKlass java/nio/Buffer 1 1 224 100 1 10 7 12 1 1 1 9 7 12 1 1 1 9 12 1 9 12 1 1 9 12 1 9 12 1 1 10 12 1 1 10 12 1 1 10 12 100 1 100 1 10 8 1 10 12 1 1 10 12 1 8 1 8 1 10 12 1 1 10 12 1 8 1 9 12 1 1 100 1 8 1 10 12 1 8 1 8 1 9 12 10 12 1 8 1 8 1 8 1 10 12 1 8 1 8 1 8 1 100 1 10 100 1 10 100 1 10 100 1 10 10 100 12 1 1 1 10 11 100 12 1 1 10 7 12 1 1 1 10 7 12 1 1 1 9 12 1 1 10 7 12 1 1 1 9 12 1 1 7 1 10 10 7 12 1 1 1 1 1 3 1 1 1 1 1 1 1 1 1 1 1 1 1 1 1 1 1 1 100 1 1 1 1 1 1 1 1 1 1 1 1 1 1 1 1 1 1 1 1 1 1 1 1 1 1 1 1 1 1 1 1 1 1 1 1 1 1 1 1 1 1
staticfield java/nio/Buffer UNSAFE Ljdk/internal/misc/Unsafe; jdk/internal/misc/Unsafe
staticfield java/nio/Buffer SCOPED_MEMORY_ACCESS Ljdk/internal/misc/ScopedMemoryAccess; jdk/internal/misc/ScopedMemoryAccess
staticfield java/nio/Buffer $assertionsDisabled Z 1
ciInstanceKlass java/nio/charset/StandardCharsets 1 1 68 10 100 12 1 1 1 100 1 8 1 10 12 1 9 7 12 1 1 1 9 7 12 1 1 1 9 7 12 1 1 9 12 1 9 7 12 1 1 9 12 1 7 1 10 9 12 1 7 1 10 9 12 1 7 1 10 9 12 1 1 1 1 1 1 1 1 1
staticfield java/nio/charset/StandardCharsets US_ASCII Ljava/nio/charset/Charset; sun/nio/cs/US_ASCII
staticfield java/nio/charset/StandardCharsets ISO_8859_1 Ljava/nio/charset/Charset; sun/nio/cs/ISO_8859_1
staticfield java/nio/charset/StandardCharsets UTF_8 Ljava/nio/charset/Charset; sun/nio/cs/UTF_8
staticfield java/nio/charset/StandardCharsets UTF_16BE Ljava/nio/charset/Charset; sun/nio/cs/UTF_16BE
staticfield java/nio/charset/StandardCharsets UTF_16LE Ljava/nio/charset/Charset; sun/nio/cs/UTF_16LE
staticfield java/nio/charset/StandardCharsets UTF_16 Ljava/nio/charset/Charset; sun/nio/cs/UTF_16
instanceKlass sun/nio/cs/MS1252
instanceKlass sun/nio/cs/US_ASCII
instanceKlass sun/nio/cs/ISO_8859_1
instanceKlass sun/nio/cs/Unicode
ciInstanceKlass java/nio/charset/Charset 1 1 356 10 7 12 1 1 1 100 1 10 12 1 1 10 12 1 1 9 7 12 1 1 1 9 12 1 7 1 100 1 10 12 1 10 100 12 1 1 1 9 12 1 1 10 7 12 1 1 1 10 12 1 1 100 1 10 10 100 12 1 1 1 9 100 12 1 1 1 10 7 12 1 1 1 100 1 8 1 10 10 12 1 1 10 12 1 9 12 1 1 10 12 1 10 12 1 10 12 1 1 10 12 1 10 12 1 100 1 10 11 100 12 1 1 11 12 1 10 12 1 1 11 100 12 1 1 11 12 1 1 100 1 10 100 1 9 12 1 1 8 1 10 7 12 1 1 1 9 100 12 1 1 1 10 9 12 1 1 9 12 1 1 10 7 12 1 1 7 8 1 8 1 8 1 9 12 1 9 12 1 100 1 10 12 1 10 12 1 10 100 12 1 1 1 8 1 10 12 1 1 8 1 10 100 12 1 1 1 9 100 12 1 1 1 10 100 12 1 1 1 10 12 1 10 12 1 1 100 1 100 1 10 12 1 10 12 1 1 10 100 12 1 1 10 12 10 12 1 1 10 100 12 1 1 1 10 10 12 1 1 10 12 1 10 12 1 1 7 1 10 10 100 1 1 1 1 1 1 1 1 1 1 1 1 1 1 1 1 1 1 1 100 1 1 1 100 1 100 1 1 1 1 1 1 1 1 1 1 1 1 1 1 1 1 1 1 1 1 1 1 1 1 1 1 1 1 1 1 1 1 1 1 1 1 1 1 1 1 1 1 1 1 1 1 1 1 1 1 1 1 1 1 100 1 1 1
staticfield java/nio/charset/Charset standardProvider Ljava/nio/charset/spi/CharsetProvider; sun/nio/cs/StandardCharsets
staticfield java/nio/charset/Charset zeroAliases [Ljava/lang/String; 0 [Ljava/lang/String;
ciInstanceKlass jdk/internal/misc/UnsafeConstants 1 1 34 10 100 12 1 1 1 9 7 12 1 1 1 9 12 1 9 12 1 1 9 12 1 9 12 1 1 1 1 1 1 1 1 1
staticfield jdk/internal/misc/UnsafeConstants ADDRESS_SIZE0 I 8
staticfield jdk/internal/misc/UnsafeConstants PAGE_SIZE I 4096
staticfield jdk/internal/misc/UnsafeConstants BIG_ENDIAN Z 0
staticfield jdk/internal/misc/UnsafeConstants UNALIGNED_ACCESS Z 1
staticfield jdk/internal/misc/UnsafeConstants DATA_CACHE_LINE_FLUSH_SIZE I 0
instanceKlass java/lang/invoke/DelegatingMethodHandle
instanceKlass java/lang/invoke/BoundMethodHandle
instanceKlass java/lang/invoke/DirectMethodHandle
ciInstanceKlass java/lang/invoke/MethodHandle 1 1 644 100 1 9 7 12 1 1 1 10 7 12 1 1 1 10 7 12 1 1 1 7 1 7 1 10 12 1 1 9 12 1 1 10 12 1 10 12 1 1 10 12 1 1 10 100 12 1 1 1 10 12 1 1 10 12 1 1 11 100 12 1 1 1 10 12 1 1 10 12 1 10 12 1 9 12 1 1 10 12 1 1 100 1 100 1 10 8 1 10 12 1 1 10 12 1 8 1 10 12 1 1 10 12 1 10 7 12 1 1 1 10 12 1 10 12 1 1 10 12 1 1 10 12 1 1 10 12 1 1 10 7 12 1 1 1 10 100 12 1 1 1 7 1 10 12 1 1 10 12 1 1 10 12 1 1 8 1 10 7 12 1 1 1 8 1 10 12 1 1 10 12 1 1 10 12 1 1 10 12 1 8 1 10 12 1 1 8 1 10 12 1 8 1 10 100 12 1 1 1 9 12 1 1 100 1 10 9 100 12 1 1 1 9 100 1 8 1 10 12 1 1 10 12 1 10 12 1 1 10 12 1 10 12 1 1 10 12 1 10 12 1 1 10 12 1 10 12 1 1 10 12 1 1 8 1 10 12 1 1 8 1 10 12 1 10 12 1 1 10 12 1 10 12 1 10 12 1 1 9 100 12 1 1 1 10 12 1 1 11 12 1 10 12 1 10 12 1 1 10 100 12 1 1 1 100 1 11 12 1 10 100 1 11 12 1 100 1 10 12 1 11 12 1 9 100 12 1 1 1 11 12 1 1 11 100 12 1 1 1 10 12 1 1 9 12 1 11 12 1 9 12 1 9 12 1 9 12 1 11 12 1 1 9 12 1 9 12 1 9 12 1 9 12 1 9 12 1 9 12 1 9 12 1 8 1 10 12 1 10 12 1 8 1 10 12 1 10 12 1 10 10 7 12 1 1 10 12 1 1 100 1 8 1 10 12 1 1 10 12 1 1 10 12 1 10 12 1 100 1 10 100 12 1 1 1 10 12 1 9 7 12 1 1 1 10 12 1 1 10 12 1 1 8 1 9 12 1 9 12 1 1 9 12 1 1 10 12 1 7 1 10 12 1 10 12 1 1 9 12 1 1 9 12 1 1 10 7 12 1 1 1 11 7 12 1 1 9 12 1 10 12 1 1 10 12 1 9 12 1 10 12 1 8 10 12 1 1 8 1 1 1 1 1 1 100 1 1 1 1 1 1 1 1 1 1 1 1 1 1 1 1 1 1 1 1 1 1 1 1 1 1 1 1 1 1 1 1 1 1 1 1 1 1 1 1 1 1 1 1 1 1 1 1 1 1 1 1 1 1 1 1 1 1 1 1 1 1 1 1 1 1 1 1 1 100 1 1 1 1 1 1 1 1 1 100 1 1 1 1 1 1 1 1 1 1 1 1 1 1 1 1 1 1 1 1 1 1 1 1 1 1 1 100 1 1 100 1 1 100 1 1 1 1
staticfield java/lang/invoke/MethodHandle FORM_OFFSET J 20
staticfield java/lang/invoke/MethodHandle UPDATE_OFFSET J 13
staticfield java/lang/invoke/MethodHandle $assertionsDisabled Z 1
ciInstanceKlass jdk/internal/reflect/CallerSensitive 1 1 17 100 1 100 1 100 1 1 1 1 1 1 1 1 1 1 1
ciInstanceKlass jdk/internal/reflect/NativeConstructorAccessorImpl 1 1 126 10 7 12 1 1 1 9 7 12 1 1 1 9 12 1 1 10 7 12 1 1 1 10 7 12 1 1 1 10 7 12 1 1 1 9 12 1 9 12 1 1 9 12 1 1 10 7 12 1 1 1 7 1 10 10 12 1 1 10 12 1 10 12 1 10 12 1 1 9 12 1 1 10 7 12 1 1 1 100 1 10 12 1 1 10 12 1 1 8 10 12 1 1 1 1 1 1 1 1 1 1 1 1 1 1 1 1 1 1 1 1 1 1 100 1 100 1 100 1 1 1 1 1 1 1
staticfield jdk/internal/reflect/NativeConstructorAccessorImpl U Ljdk/internal/misc/Unsafe; jdk/internal/misc/Unsafe
staticfield jdk/internal/reflect/NativeConstructorAccessorImpl GENERATED_OFFSET J 16
instanceKlass java/lang/invoke/DirectMethodHandle$Special
instanceKlass java/lang/invoke/DirectMethodHandle$Interface
instanceKlass java/lang/invoke/DirectMethodHandle$Constructor
instanceKlass java/lang/invoke/DirectMethodHandle$Accessor
ciInstanceKlass java/lang/invoke/DirectMethodHandle 1 1 940 7 1 7 1 100 1 7 1 7 1 10 7 12 1 1 1 10 7 12 1 1 1 100 1 10 12 1 10 12 1 1 10 7 12 1 1 10 12 1 1 10 12 1 10 12 1 7 1 10 12 1 1 10 12 1 1 10 12 1 10 12 1 1 10 7 12 1 1 1 10 12 1 9 12 1 1 100 1 10 9 12 1 1 9 12 1 10 12 1 10 12 1 10 12 1 1 10 12 1 10 12 1 10 12 1 10 7 12 1 1 1 10 12 1 10 12 1 1 8 1 10 12 1 1 7 1 10 12 1 7 1 10 10 12 1 10 12 1 10 12 1 10 7 12 1 1 1 10 12 1 1 100 1 10 12 1 10 12 1 7 1 10 12 1 10 12 1 1 10 12 1 1 10 12 1 8 10 100 12 1 1 1 10 12 1 10 12 1 10 12 1 1 10 12 1 9 7 12 1 1 1 7 1 10 12 1 10 7 12 1 1 1 10 12 1 10 12 1 1 9 12 1 1 100 1 10 8 1 10 12 1 1 10 12 1 10 12 1 10 10 12 1 10 12 1 10 12 1 10 12 1 10 12 1 1 10 12 1 10 12 1 1 10 12 1 10 12 1 1 10 10 7 12 1 1 1 10 12 1 10 12 1 1 10 12 1 10 12 1 1 8 1 9 7 12 1 1 1 8 1 9 12 1 9 12 1 8 1 9 12 1 9 12 1 8 1 9 12 1 9 12 1 8 1 10 12 1 10 12 1 1 9 12 1 1 7 1 10 12 1 1 100 1 10 7 12 1 1 1 10 12 1 1 10 12 1 10 12 1 1 7 1 10 12 1 1 10 12 1 10 12 1 1 7 1 10 12 1 1 10 7 12 1 1 1 10 12 1 10 12 1 10 12 1 9 12 1 1 10 7 1 9 12 9 12 1 10 7 12 1 1 1 10 12 1 7 1 7 1 7 1 9 12 1 1 10 7 12 1 10 12 1 1 10 12 1 100 1 10 12 1 10 12 1 1 9 100 12 1 1 1 10 12 1 1 100 1 10 100 12 1 1 1 10 12 1 10 12 1 8 1 9 12 1 9 12 1 10 12 1 9 12 1 1 10 100 12 1 1 1 9 12 1 1 9 12 1 1 10 12 1 10 12 1 10 12 1 10 12 1 10 12 1 1 10 12 1 10 7 12 1 1 9 12 1 10 12 1 10 12 1 10 12 1 10 12 1 1 10 12 1 1 9 12 1 1 10 12 1 1 9 7 12 1 1 1 9 12 1 9 12 1 9 12 1 9 12 1 9 12 1 9 12 1 9 12 1 9 12 1 9 12 1 9 12 1 9 12 1 9 12 1 9 12 1 9 12 1 9 12 1 9 12 1 9 12 1 9 12 1 9 12 1 9 12 1 9 12 1 9 12 1 9 12 1 9 12 1 9 12 1 9 12 1 9 12 1 9 12 1 9 12 1 9 12 1 9 12 1 9 12 1 9 12 1 9 12 1 9 12 1 9 12 1 8 1 9 12 1 1 9 12 1 1 10 12 1 10 12 1 1 9 7 1 10 12 1 9 12 1 1 10 12 10 12 1 10 12 1 10 12 1 10 8 1 8 1 8 1 8 1 10 12 1 1 9 12 1 1 10 12 1 10 100 12 1 1 1 8 9 12 1 1 10 12 1 1 8 1 8 8 9 12 1 8 1 8 8 8 8 8 1 8 10 12 1 10 12 1 8 1 8 1 10 12 1 10 12 1 10 12 1 10 12 1 1 7 1 1 1 1 3 1 3 1 3 1 3 1 3 1 3 1 3 1 3 1 3 1 3 1 1 1 1 1 1 1 1 1 1 3 1 3 1 1 1 1 3 1 1 1 1 1 1 1 1 1 1 1 1 1 1 1 1 1 1 1 1 1 1 1 1 1 1 1 1 1 1 1 1 1 1 1 1 1 1 1 1 1 1 1 1 1 1 1 1 1 1 1 1 1 1 1 1 100 1 1 1 1 1 1 1 1 1 1 1 1 100 1 1 1 1 1 1 1 1 1 1 1 1 1 1 1 1 1 1 1 1 1 1 1 1 1 1 1 1 1 1 1 1 1 1 1 1 1 1 1 1 1 1 1 1 1 1 1 1 1 1 1
staticfield java/lang/invoke/DirectMethodHandle IMPL_NAMES Ljava/lang/invoke/MemberName$Factory; java/lang/invoke/MemberName$Factory
staticfield java/lang/invoke/DirectMethodHandle FT_UNCHECKED_REF I 8
staticfield java/lang/invoke/DirectMethodHandle ACCESSOR_FORMS [Ljava/lang/invoke/LambdaForm; 132 [Ljava/lang/invoke/LambdaForm;
staticfield java/lang/invoke/DirectMethodHandle ALL_WRAPPERS [Lsun/invoke/util/Wrapper; 10 [Lsun/invoke/util/Wrapper;
staticfield java/lang/invoke/DirectMethodHandle NFS [Ljava/lang/invoke/LambdaForm$NamedFunction; 12 [Ljava/lang/invoke/LambdaForm$NamedFunction;
staticfield java/lang/invoke/DirectMethodHandle OBJ_OBJ_TYPE Ljava/lang/invoke/MethodType; java/lang/invoke/MethodType
staticfield java/lang/invoke/DirectMethodHandle LONG_OBJ_TYPE Ljava/lang/invoke/MethodType; java/lang/invoke/MethodType
staticfield java/lang/invoke/DirectMethodHandle $assertionsDisabled Z 1
ciInstanceKlass java/lang/invoke/LambdaForm 1 1 1052 100 1 9 7 12 1 1 1 10 7 12 1 1 1 10 7 12 1 1 9 12 1 1 9 12 1 1 10 12 1 1 100 1 10 9 12 1 10 12 1 1 9 12 1 10 7 12 1 1 1 9 12 1 9 12 1 9 12 1 1 9 12 1 10 12 1 1 7 1 10 12 1 10 100 12 1 1 1 10 100 12 1 1 1 10 12 1 10 12 1 1 9 100 12 1 1 1 10 12 1 1 9 12 1 10 12 1 1 10 12 1 10 12 1 1 10 12 1 1 10 100 12 1 1 1 7 1 10 10 12 1 1 8 1 10 12 1 10 12 1 10 12 1 1 7 1 10 7 12 1 1 1 10 12 1 1 10 12 1 10 12 1 1 9 12 1 1 9 12 1 9 12 1 1 10 12 1 9 12 1 10 100 12 1 1 1 10 12 1 1 10 12 1 9 12 1 1 10 100 12 1 1 1 10 12 1 10 12 1 10 12 1 10 12 1 10 12 1 10 12 1 1 10 12 1 10 12 1 1 8 1 10 12 1 10 12 1 8 1 8 1 9 12 1 9 12 1 9 12 1 1 10 12 1 1 10 12 1 9 12 1 10 12 1 1 10 7 12 1 1 1 10 12 1 1 10 12 1 10 12 1 10 12 1 1 9 12 1 10 12 1 8 1 8 1 8 1 8 1 8 1 8 1 8 1 8 1 10 12 1 9 12 1 7 1 10 12 1 1 9 12 1 10 12 1 10 12 1 1 10 12 10 12 1 10 12 1 1 10 12 1 1 10 10 12 1 1 10 12 1 1 7 1 8 1 10 12 1 1 10 12 1 10 12 1 1 10 8 1 10 12 1 1 8 1 8 1 8 1 10 12 1 9 12 1 1 10 12 1 1 10 12 1 1 100 1 10 12 1 1 10 12 1 10 7 12 1 1 1 10 12 1 1 9 12 1 1 8 1 10 100 12 1 1 1 10 7 12 1 1 10 12 10 10 12 1 1 9 12 1 8 10 12 1 1 100 1 10 12 1 1 10 12 1 9 7 12 1 1 9 12 1 1 8 1 10 100 12 1 1 10 12 1 1 100 1 100 1 10 10 12 1 1 10 12 1 1 8 1 8 1 100 1 8 1 10 12 10 12 1 10 12 1 10 12 1 1 8 1 8 1 9 100 12 1 1 1 10 12 1 10 12 1 1 8 1 8 1 8 1 100 1 8 1 100 1 8 1 100 1 8 1 10 12 1 8 1 9 10 7 12 1 1 1 10 12 1 9 12 1 1 10 12 1 10 10 12 1 10 12 1 10 12 1 10 12 1 1 10 12 1 10 12 1 1 10 12 1 1 10 12 1 1 8 1 100 10 12 1 10 12 1 9 12 1 1 10 7 12 1 1 8 1 8 1 100 1 8 1 8 1 8 1 8 1 8 1 8 1 8 1 8 1 10 12 1 1 10 12 1 1 10 12 1 10 12 1 8 1 8 1 8 1 10 12 1 8 1 10 12 1 8 1 8 1 8 1 8 1 8 1 10 12 1 10 12 1 10 12 1 1 10 7 12 1 1 1 10 12 1 10 12 1 10 12 1 10 12 1 10 12 1 10 12 1 10 12 1 9 12 1 1 8 1 10 12 1 1 9 12 1 1 10 12 1 1 9 12 1 9 12 1 1 9 12 1 9 12 1 1 7 1 10 7 12 1 1 1 9 12 1 10 12 1 10 12 1 8 1 10 12 1 9 12 1 1 7 1 10 7 12 1 1 1 8 1 100 1 10 12 1 9 12 1 9 12 1 10 12 1 10 12 1 10 7 12 1 1 1 10 12 1 9 7 12 1 1 10 12 1 1 10 12 1 10 12 1 9 12 10 12 1 10 10 12 1 9 9 12 1 7 9 12 1 1 10 12 1 1 9 12 1 10 12 1 10 7 1 9 1 1 1 1 3 1 3 1 3 1 1 1 1 1 1 1 1 1 1 1 1 1 1 1 1 1 1 1 1 1 1 1 1 1 1 1 1 1 1 1 1 1 1 1 1 1 1 1 1 1 1 1 1 1 1 1 1 1 1 1 1 1 1 1 1 100 1 1 1 1 1 1 1 1 1 1 1 1 1 1 1 1 1 1 1 1 1 1 1 1 1 1 1 1 1 1 1 1 1 1 1 1 1 1 1 1 1 1 1 1 1 1 1 1 1 1 1 1 1 1 1 1 1 1 1 100 1 1 1 1 1 1 1 1 1 1 1 1 1 1 1 1 1 1 1 1 1 1 1 1 1 1 1 1 1 1 1 1 1 1 100 1 1 1 1 1 1 1 1 1 1 1 1 1 1 1 1 1 1 1 1 1 1 100 1 1 1 100 1 1 100 1 1 1 1 1 1 1 1 1 1 1
staticfield java/lang/invoke/LambdaForm COMPILE_THRESHOLD I 0
staticfield java/lang/invoke/LambdaForm INTERNED_ARGUMENTS [[Ljava/lang/invoke/LambdaForm$Name; 5 [[Ljava/lang/invoke/LambdaForm$Name;
staticfield java/lang/invoke/LambdaForm IMPL_NAMES Ljava/lang/invoke/MemberName$Factory; java/lang/invoke/MemberName$Factory
staticfield java/lang/invoke/LambdaForm LF_identity [Ljava/lang/invoke/LambdaForm; 6 [Ljava/lang/invoke/LambdaForm;
staticfield java/lang/invoke/LambdaForm LF_zero [Ljava/lang/invoke/LambdaForm; 6 [Ljava/lang/invoke/LambdaForm;
staticfield java/lang/invoke/LambdaForm NF_identity [Ljava/lang/invoke/LambdaForm$NamedFunction; 6 [Ljava/lang/invoke/LambdaForm$NamedFunction;
staticfield java/lang/invoke/LambdaForm NF_zero [Ljava/lang/invoke/LambdaForm$NamedFunction; 6 [Ljava/lang/invoke/LambdaForm$NamedFunction;
staticfield java/lang/invoke/LambdaForm createFormsLock Ljava/lang/Object; java/lang/Object
staticfield java/lang/invoke/LambdaForm DEBUG_NAME_COUNTERS Ljava/util/HashMap; null
staticfield java/lang/invoke/LambdaForm DEBUG_NAMES Ljava/util/HashMap; null
staticfield java/lang/invoke/LambdaForm TRACE_INTERPRETER Z 0
staticfield java/lang/invoke/LambdaForm $assertionsDisabled Z 1
ciInstanceKlass java/lang/invoke/MethodHandleNatives 1 1 684 100 1 10 7 12 1 1 1 9 7 12 1 1 1 10 12 1 1 100 1 10 10 12 1 1 10 12 1 10 12 1 8 1 8 1 8 1 8 1 8 1 8 1 8 1 8 1 8 1 8 1 10 12 1 1 7 1 10 7 12 1 1 1 10 100 12 1 1 1 7 1 10 10 12 1 1 8 1 10 12 1 8 1 10 12 1 1 8 1 10 12 1 1 9 100 12 1 1 1 8 1 10 100 12 1 1 1 100 1 10 12 100 1 100 1 8 1 7 1 10 10 12 1 7 1 9 7 12 1 1 10 12 1 1 10 12 1 10 7 12 1 1 1 7 1 10 12 1 1 10 7 12 1 1 1 10 12 1 10 12 1 1 10 12 1 1 9 12 1 8 1 10 12 1 8 1 10 12 1 8 1 8 1 8 1 100 1 10 12 1 8 1 10 12 1 1 10 12 1 10 100 12 1 1 1 100 1 8 1 10 100 12 1 1 1 7 1 8 1 10 12 1 8 1 8 1 8 1 8 1 8 1 10 12 1 1 10 12 1 1 10 12 1 10 12 1 1 10 12 1 1 7 1 10 12 1 100 1 100 1 10 12 1 10 12 1 8 1 8 1 10 10 12 1 1 10 12 1 1 8 1 10 100 12 1 1 1 8 1 8 1 10 12 1 1 10 7 12 1 1 1 100 1 10 12 1 1 7 1 9 12 1 1 10 7 12 1 1 1 10 10 12 1 9 12 1 10 12 1 1 9 12 1 9 12 1 10 12 1 1 10 12 1 10 12 1 1 7 1 7 1 10 12 1 1 10 12 1 10 12 1 1 10 7 12 1 1 1 10 12 1 8 1 10 12 1 10 12 1 10 12 1 1 10 12 1 10 7 12 1 1 1 10 12 1 1 100 1 8 1 10 9 7 12 1 1 1 10 12 1 1 10 12 1 1 100 1 10 12 1 1 10 12 1 1 100 1 100 1 10 10 100 1 100 1 10 100 1 10 10 12 1 1 10 100 1 10 12 1 10 12 1 10 12 1 1 10 12 1 1 10 12 1 1 10 12 1 10 12 1 1 10 8 1 100 1 10 12 1 10 12 1 10 12 1 10 12 1 10 12 1 1 10 12 1 9 12 1 1 10 7 12 1 1 1 9 12 1 1 11 7 12 1 1 1 10 12 1 10 12 1 10 10 12 1 10 7 12 1 1 1 1 1 1 1 1 1 1 1 1 1 1 1 100 1 1 1 1 1 1 1 1 1 1 1 1 1 1 1 1 1 1 1 1 1 1 1 1 1 1 1 1 1 1 1 1 1 1 1 1 1 1 1 1 1 1 1 1 1 1 1 1 1 1 1 1 1 1 1 1 1 1 1 1 1 1 1 1 1 1 1 1 1 1 1 1 1 1 1 1 1 1 1 1 1 1 1 1 1 1 1 1 1 1 1 1 1 1 1 1 1 1 100 1 1 1 1 1 1 1 1 1 1 1 1 1 1 1 1 1 1 1 1 1 1 1 1 1 1 1 1 100 1 1 1 1 1 1 1 100 1 1 1
staticfield java/lang/invoke/MethodHandleNatives JLA Ljdk/internal/access/JavaLangAccess; java/lang/System$2
staticfield java/lang/invoke/MethodHandleNatives $assertionsDisabled Z 1
ciInstanceKlass jdk/internal/reflect/ConstantPool 1 1 142 10 100 12 1 1 1 9 7 12 1 1 1 10 12 1 1 10 12 1 1 10 12 1 10 12 1 1 10 12 1 1 10 12 1 10 12 1 1 10 12 1 10 12 1 1 10 12 1 10 12 1 10 12 1 10 12 1 1 10 12 1 1 10 12 1 1 10 12 1 1 10 12 1 10 12 1 1 10 100 12 1 1 1 8 11 7 12 1 1 1 10 7 12 1 1 1 1 1 1 1 1 1 1 1 1 1 1 1 1 1 1 1 1 1 1 1 1 1 1 1 1 1 1 1 1 1 1 1 1 1 1 1 1 1 1 1 1 1 1 1 1
instanceKlass jdk/internal/reflect/UnsafeQualifiedStaticFieldAccessorImpl
ciInstanceKlass jdk/internal/reflect/UnsafeStaticFieldAccessorImpl 1 1 47 10 7 12 1 1 1 9 7 12 1 1 1 10 7 12 1 1 1 9 12 1 1 8 11 7 12 1 1 1 10 7 12 1 1 1 1 1 1 1 1 1 1 1 1 1 1
instanceKlass jdk/internal/reflect/UnsafeFieldAccessorImpl
ciInstanceKlass jdk/internal/reflect/FieldAccessorImpl 1 1 59 10 7 12 1 1 1 100 1 100 1 1 1 1 1 1 1 1 1 100 1 1 1 1 1 1 1 1 1 1 1 1 1 1 1 1 1 1 1 100 1 1 1 1 1 1 1 1 1 1 1 1 1 1 1 1 1 1 1
instanceKlass jdk/internal/reflect/UnsafeObjectFieldAccessorImpl
instanceKlass jdk/internal/reflect/UnsafeQualifiedFieldAccessorImpl
instanceKlass jdk/internal/reflect/UnsafeStaticFieldAccessorImpl
ciInstanceKlass jdk/internal/reflect/UnsafeFieldAccessorImpl 1 1 254 10 7 12 1 1 1 9 7 12 1 1 1 10 7 12 1 1 1 10 7 12 1 1 1 9 12 1 1 10 7 12 1 1 1 9 12 1 1 10 12 1 10 12 1 9 12 1 10 12 1 1 10 7 12 1 1 10 7 12 1 1 1 10 12 1 1 100 1 10 10 12 1 1 10 12 1 1 8 1 10 10 12 1 100 1 8 1 10 12 1 8 1 10 12 1 8 1 10 12 1 100 1 10 12 1 1 10 8 1 10 12 1 1 8 1 10 100 12 1 1 8 1 10 100 12 1 1 8 1 10 100 12 1 1 8 1 10 100 12 1 1 8 1 10 100 12 1 1 8 1 10 100 12 1 1 8 1 10 100 12 1 1 8 1 10 100 12 1 1 10 12 1 1 8 1 8 1 8 1 8 1 8 1 8 1 10 100 12 1 1 1 8 1 8 1 8 1 10 12 10 12 1 1 1 1 1 1 1 1 1 1 1 1 1 1 1 1 1 1 1 1 1 1 1 1 1 1 1 1 1 1 1 1 1 1 1 1 1 1 1 1 1 1 1 1 1 1 1 1 1 1 1 1
staticfield jdk/internal/reflect/UnsafeFieldAccessorImpl unsafe Ljdk/internal/misc/Unsafe; jdk/internal/misc/Unsafe
ciInstanceKlass java/lang/invoke/ConstantCallSite 1 1 65 10 7 12 1 1 1 9 7 12 1 1 1 9 12 1 1 10 7 12 1 1 1 10 12 1 100 1 10 12 9 12 1 1 100 1 10 10 12 1 1 10 12 1 1 1 1 1 1 1 1 1 1 1 1 1 100 1 1 1 1 1 1 1 1
staticfield java/lang/invoke/ConstantCallSite UNSAFE Ljdk/internal/misc/Unsafe; jdk/internal/misc/Unsafe
ciInstanceKlass java/lang/invoke/MutableCallSite 0 0 63 10 100 12 1 1 1 10 12 1 9 100 12 1 1 1 10 12 1 10 12 1 1 9 12 1 1 10 100 12 1 1 1 10 100 12 1 1 1 10 12 1 1 1 1 1 1 1 1 1 1 1 1 1 1 1 1 1 1 100 1 1 1
instanceKlass java/lang/invoke/VarHandleInts$FieldStaticReadOnly
instanceKlass java/lang/invoke/VarHandleLongs$FieldInstanceReadOnly
instanceKlass java/lang/invoke/VarHandleInts$FieldInstanceReadOnly
instanceKlass java/lang/invoke/VarHandleReferences$Array
instanceKlass java/lang/invoke/VarHandleReferences$FieldInstanceReadOnly
ciInstanceKlass java/lang/invoke/VarHandle 1 1 390 10 7 12 1 1 1 10 7 12 1 1 9 12 1 1 9 12 1 1 100 1 10 8 1 10 12 1 1 10 7 12 1 1 1 10 12 1 1 10 100 12 1 1 1 9 100 12 1 1 1 10 12 1 1 10 100 12 1 1 1 10 12 1 1 9 12 1 10 12 1 9 12 1 1 10 100 12 1 1 10 12 1 9 100 12 1 1 1 9 12 1 1 10 12 1 1 100 1 100 1 10 8 1 10 12 1 1 10 12 1 8 1 10 12 1 10 12 1 10 12 1 1 9 100 12 1 1 1 10 12 1 10 12 1 1 10 12 1 10 10 100 12 1 1 1 10 12 1 1 10 12 1 1 10 100 12 1 1 1 10 100 12 1 1 1 10 100 12 1 1 1 9 12 1 1 10 9 12 1 1 10 12 1 10 12 1 10 12 1 1 10 12 1 10 100 12 1 1 1 9 12 1 1 10 12 1 1 9 12 1 10 12 1 10 12 1 10 100 12 1 1 100 1 10 9 7 12 1 1 1 9 12 1 1 10 7 12 1 1 1 10 12 1 10 12 1 10 12 1 10 12 1 10 12 1 10 12 1 1 7 1 10 10 7 12 1 1 1 9 12 1 1 8 10 12 1 1 7 1 10 12 1 1 100 1 1 1 1 1 1 1 1 1 1 1 1 1 1 1 1 1 1 1 1 1 1 1 1 1 1 1 1 1 1 1 1 1 1 1 1 1 1 1 1 1 1 1 1 1 1 1 1 1 1 1 1 1 1 1 1 1 1 1 1 1 1 1 1 1 1 1 1 1 1 1 1 1 1 1 1 1 1 1 1 1 1 1 1 1 1 1 1 1 100 1 100 1 100 1 1 1 1 1 1 1 100 1 1 1
staticfield java/lang/invoke/VarHandle AIOOBE_SUPPLIER Ljava/util/function/BiFunction; jdk/internal/util/Preconditions$1
staticfield java/lang/invoke/VarHandle VFORM_OFFSET J 16
staticfield java/lang/invoke/VarHandle $assertionsDisabled Z 1
ciInstanceKlass java/lang/invoke/MemberName 1 1 757 7 1 7 1 100 1 9 12 1 1 10 7 12 1 1 1 9 12 1 1 10 12 1 1 10 12 1 1 10 12 1 1 10 12 1 10 12 1 1 10 7 12 1 1 1 10 12 1 9 100 12 1 1 10 12 1 100 1 100 1 10 12 1 8 1 10 12 1 1 10 12 1 10 12 1 1 10 12 1 9 12 1 1 8 1 10 100 12 1 1 1 7 1 10 10 12 1 1 100 1 100 1 10 12 1 1 9 12 1 1 100 1 8 1 10 12 1 10 12 1 10 12 1 10 12 1 10 12 1 1 10 12 1 10 12 1 10 12 1 1 10 12 1 1 10 12 1 8 1 8 1 8 1 10 100 12 1 1 1 10 12 1 9 12 1 1 3 10 12 1 10 12 1 10 12 1 10 10 7 12 1 1 1 10 12 1 10 12 1 10 12 1 10 12 1 7 1 8 10 12 1 1 10 12 1 1 8 1 9 100 1 8 9 100 1 10 12 1 1 10 12 1 10 12 1 8 1 10 12 1 1 10 12 1 10 12 1 10 12 1 10 12 1 1 100 1 10 12 1 1 10 12 1 8 1 10 12 1 10 12 1 8 1 10 12 1 1 10 12 1 1 100 1 10 12 1 1 10 12 8 1 8 1 100 1 10 12 1 10 100 12 1 1 1 100 1 10 12 10 12 1 10 12 1 10 12 1 10 12 1 10 10 12 1 10 12 1 10 12 1 3 10 12 1 3 10 12 1 3 3 3 3 3 3 3 100 1 10 12 1 10 7 12 1 1 1 10 12 1 3 9 12 1 10 12 1 1 3 10 12 1 10 10 7 12 1 1 1 10 12 1 1 10 100 1 10 10 12 1 10 12 1 10 12 1 10 10 12 1 1 10 12 1 10 12 1 10 12 1 100 1 10 10 10 12 100 1 10 10 10 12 1 1 10 12 1 1 10 10 12 1 8 10 100 1 10 12 1 10 100 1 10 12 1 10 12 1 10 12 1 10 10 12 1 10 12 1 1 10 12 1 1 10 12 1 10 12 1 10 12 1 100 1 10 12 1 1 100 1 8 1 10 7 1 10 12 1 10 12 10 12 1 1 10 12 1 10 12 1 8 1 8 1 8 1 8 1 10 12 1 10 12 1 10 12 1 1 8 1 8 1 10 12 1 8 1 10 10 12 1 10 12 1 8 1 8 1 10 10 12 1 8 1 10 100 12 1 1 1 8 1 10 12 1 10 12 1 1 10 12 1 8 1 8 1 8 1 8 1 100 1 10 8 1 8 1 8 1 8 1 10 12 1 100 1 100 1 100 1 10 100 1 10 100 1 10 100 12 1 1 1 9 7 12 1 1 1 100 1 100 1 1 1 1 1 1 1 3 1 3 1 3 1 3 1 3 1 3 1 1 1 1 1 1 1 1 3 1 3 1 1 1 1 3 1 1 1 1 1 1 1 1 1 1 1 1 1 1 1 1 1 1 1 1 1 1 1 1 1 1 1 1 1 1 1 1 1 1 1 1 1 1 1 1 1 1 1 1 1 1 1 1 1 1 1 1 1 1 1 1 1 1 1 1 1 1 1 1 1 1 1 1 1 1 1 1 1 1 1 1 1 1 1 1 1 1 1 1 1 1 1 1 1 1 1 1 1 1 1 1 1 1 1 1 1 1 1 1 1 1 100 1 1 1 1 1 1 1 1 1 1 1 1 1 1 1
staticfield java/lang/invoke/MemberName $assertionsDisabled Z 1
ciInstanceKlass java/lang/invoke/ResolvedMethodName 1 1 16 10 100 12 1 1 1 100 1 1 1 1 1 1 1 1
ciInstanceKlass java/lang/StackWalker 1 1 235 9 7 12 1 1 1 10 7 12 1 1 1 7 1 10 7 12 1 1 1 10 12 1 1 11 7 12 1 1 1 10 12 1 1 10 12 1 1 10 12 1 1 100 1 8 1 10 12 1 10 12 1 10 12 1 10 7 12 1 1 9 12 1 1 9 12 1 1 9 12 1 1 9 12 1 1 10 12 1 1 9 12 1 1 10 7 12 1 1 1 11 12 1 1 100 1 8 1 10 10 100 12 1 1 9 12 1 1 10 12 1 1 10 7 12 1 1 1 10 7 12 1 1 1 18 12 1 1 100 1 8 1 10 10 12 1 1 10 100 12 1 1 1 9 7 12 1 1 11 7 12 1 1 1 10 12 1 1 1 1 1 1 1 1 1 1 1 1 1 1 1 1 1 1 1 1 1 1 1 1 1 1 1 1 1 1 1 1 1 1 1 1 1 1 1 1 1 1 1 1 1 1 1 1 1 1 1 100 1 1 15 10 7 12 1 1 1 16 15 10 12 16 1 1 1 1 1 1 1 100 1 100 1 1
staticfield java/lang/StackWalker DEFAULT_EMPTY_OPTION Ljava/util/EnumSet; java/util/RegularEnumSet
staticfield java/lang/StackWalker DEFAULT_WALKER Ljava/lang/StackWalker; java/lang/StackWalker
instanceKlass java/lang/StackStreamFactory$StackFrameTraverser
ciInstanceKlass java/lang/StackStreamFactory$AbstractStackWalker 1 1 306 7 1 100 1 3 10 7 12 1 1 1 10 7 12 1 1 10 7 12 1 1 1 9 12 1 1 10 12 1 1 9 12 1 1 9 12 1 1 9 12 1 1 9 12 1 9 7 12 1 1 1 10 7 12 1 1 1 10 12 1 1 9 12 1 1 10 7 12 1 1 1 10 12 1 1 9 12 1 1 9 100 12 1 1 1 100 1 10 8 1 10 12 1 1 10 12 1 8 1 10 12 1 1 10 100 12 1 1 1 100 1 8 1 10 12 1 8 1 10 12 9 7 12 1 1 1 10 7 12 1 1 9 12 1 8 1 5 0 8 1 8 1 9 12 1 1 10 12 1 1 10 12 1 1 10 12 1 9 12 1 10 12 1 10 12 1 10 12 1 10 12 1 1 10 12 1 10 12 1 1 8 1 10 12 1 10 12 1 10 12 1 10 12 1 1 8 1 10 12 1 1 10 12 1 1 10 12 1 1 10 12 1 10 12 1 10 7 12 1 1 1 9 12 1 8 1 10 12 1 10 12 1 10 12 1 10 12 1 10 12 1 10 12 1 10 12 1 1 10 12 1 1 10 12 1 1 10 12 1 8 1 1 1 1 1 1 1 1 1 1 1 1 1 1 1 1 1 1 100 1 1 1 1 100 1 1 1 1 1 1 1 1 1 1 1 1 1 1 1 1 1 1 1 1 1
ciInstanceKlass jdk/internal/module/Modules 1 1 504 10 100 12 1 1 1 9 7 12 1 1 1 11 7 12 1 1 1 11 12 1 1 11 12 1 1 11 12 1 1 11 12 1 11 12 1 11 12 1 11 12 1 11 12 1 1 10 100 12 1 1 1 10 100 12 1 1 1 18 12 1 1 10 100 12 1 1 1 100 1 10 100 12 1 1 1 10 100 12 1 1 1 10 100 12 1 1 10 12 1 1 11 12 1 9 12 1 1 11 7 12 1 1 1 10 12 1 1 10 10 12 1 10 9 12 1 1 10 100 12 1 1 10 12 1 1 10 100 12 1 1 100 1 11 100 12 1 1 1 10 100 12 1 1 1 11 100 12 1 1 10 12 1 1 10 100 12 1 1 10 100 12 1 1 1 10 12 1 1 10 12 1 1 11 12 1 1 18 12 1 1 11 100 12 1 1 10 100 12 1 1 1 11 100 12 1 1 1 100 1 11 12 1 1 11 100 12 1 1 1 11 12 1 1 10 12 1 1 10 100 12 1 1 18 12 1 1 11 12 1 1 18 12 1 1 11 12 1 1 10 12 1 18 18 10 12 1 1 9 12 1 1 11 100 12 1 1 1 100 1 10 11 12 1 11 12 1 1 11 12 1 1 10 100 1 10 12 1 1 10 100 12 1 1 10 12 1 1 11 12 10 12 1 1 100 1 10 18 12 1 10 12 1 1 100 1 8 1 10 12 1 10 100 12 1 1 18 12 1 11 11 12 10 12 1 10 10 100 1 18 12 1 10 10 10 7 12 1 1 10 7 12 1 1 1 10 12 1 1 1 1 1 1 1 1 1 1 1 1 1 1 1 1 1 1 1 1 1 1 1 1 1 1 1 1 1 1 1 1 1 100 1 1 1 1 1 1 1 1 1 1 1 1 1 1 1 1 1 1 1 1 1 1 1 1 1 1 1 1 1 1 1 1 1 1 1 100 1 1 1 1 1 1 1 1 1 1 1 1 1 1 1 1 1 1 1 1 1 1 1 15 10 100 12 1 1 1 16 15 10 12 1 16 16 15 10 12 1 16 1 16 1 15 10 12 1 16 1 16 1 15 10 12 16 1 15 10 16 1 15 10 12 16 1 15 10 12 16 15 10 12 16 15 10 12 1 1 1 100 1 100 1 1
staticfield jdk/internal/module/Modules JLA Ljdk/internal/access/JavaLangAccess; java/lang/System$2
staticfield jdk/internal/module/Modules JLMA Ljdk/internal/access/JavaLangModuleAccess; java/lang/module/ModuleDescriptor$1
staticfield jdk/internal/module/Modules $assertionsDisabled Z 1
instanceKlass com/sun/xml/bind/v2/util/ByteArrayOutputStreamEx
ciInstanceKlass java/io/ByteArrayOutputStream 1 1 127 10 7 12 1 1 1 10 7 12 1 1 100 1 100 1 10 8 1 10 12 1 1 10 12 1 10 12 1 1 10 12 1 9 12 1 1 10 7 12 1 1 1 10 7 12 1 1 1 9 12 1 1 10 12 1 10 7 12 1 1 10 7 12 1 1 1 10 12 1 1 10 7 1 10 12 10 12 1 10 12 1 10 12 1 1 1 1 1 1 1 1 1 1 1 1 1 1 1 1 1 1 1 1 1 100 1 1 1 1 1 1 1 1 100 1 1 1 1 1 1 1 1 1 1 1 1
ciMethod java/io/ByteArrayOutputStream write (I)V 756 0 594 0 -1
ciMethod java/io/ByteArrayOutputStream toString (Ljava/lang/String;)Ljava/lang/String; 6 0 7 0 -1
ciMethod java/io/ByteArrayOutputStream <init> ()V 222 0 115 0 -1
ciMethod java/io/InputStream close ()V 0 0 1 0 -1
ciMethod java/util/Map$Entry getKey ()Ljava/lang/Object; 0 0 1 0 -1
ciMethod java/util/Map$Entry getValue ()Ljava/lang/Object; 0 0 1 0 -1
ciMethod java/lang/String length ()I 622 0 391713 0 -1
ciMethod java/lang/String <init> ([BIILjava/nio/charset/Charset;)V 512 0 3168 0 -1
ciMethod java/lang/String equals (Ljava/lang/Object;)Z 528 0 13827 0 -1
ciMethod java/lang/String regionMatches (ZILjava/lang/String;II)Z 0 0 13984 0 -1
ciMethod java/lang/String trim ()Ljava/lang/String; 1024 0 942 0 -1
ciMethod java/lang/String equalsIgnoreCase (Ljava/lang/String;)Z 512 0 4128 0 0
ciMethod java/lang/String endsWith (Ljava/lang/String;)Z 768 0 39110 0 -1
instanceKlass java/util/zip/ZipException
instanceKlass com/google/gson/stream/MalformedJsonException
instanceKlass java/io/EOFException
instanceKlass java/nio/file/FileSystemException
instanceKlass java/io/UnsupportedEncodingException
instanceKlass java/net/MalformedURLException
instanceKlass java/io/ObjectStreamException
instanceKlass java/io/FileNotFoundException
ciInstanceKlass java/io/IOException 1 1 34 10 7 12 1 1 1 10 12 1 10 12 1 10 12 1 100 1 1 1 1 5 0 1 1 1 1 1 1 1 1 1 1 1
ciInstanceKlass java/io/UnsupportedEncodingException 0 0 26 10 100 12 1 1 1 10 12 1 100 1 1 1 1 5 0 1 1 1 1 1 1 1 1 1
ciInstanceKlass java/util/AbstractMap$SimpleEntry 1 1 96 10 7 12 1 1 1 9 7 12 1 1 1 9 12 1 11 100 12 1 1 1 11 12 1 10 100 12 1 1 1 10 12 1 1 100 1 10 10 12 1 1 8 1 10 12 1 10 12 1 1 100 1 1 1 1 5 0 1 1 1 1 1 1 1 1 1 1 1 1 1 1 1 1 1 1 1 1 1 1 1 1 1 1 1 1 1 1 1 1 1 1 1 100 1 1
ciInstanceKlass nonapi/io/github/classgraph/fastzipfilereader/NestedJarHandler 1 1 614 9 9 9 9 10 10 7 10 7 10 7 10 7 10 9 7 10 9 7 10 7 10 10 9 9 7 10 9 9 9 10 10 10 8 100 10 7 8 10 10 10 10 10 10 11 11 10 10 100 8 10 10 100 10 100 100 10 10 100 100 8 10 8 10 8 10 10 11 8 8 10 10 10 100 10 100 8 8 100 10 5 0 100 100 10 8 10 10 10 10 8 10 8 11 7 10 10 8 100 10 10 8 10 10 10 8 10 8 7 10 9 10 10 10 10 100 10 10 8 10 8 8 100 100 10 10 10 10 10 100 10 100 5 0 8 3 10 3 8 5 0 10 10 10 11 11 11 100 10 100 10 11 100 10 10 100 10 10 11 8 10 8 10 7 100 1 1 1 1 1 1 1 1 1 1 1 1 1 100 1 1 1 1 1 1 1 1 1 1 1 1 1 1 1 1 1 1 1 1 1 3 1 1 3 1 1 1 1 1 1 1 1 1 1 1 1 1 1 1 1 1 1 1 1 100 100 100 1 1 1 1 1 1 1 1 1 1 1 1 1 1 1 1 1 1 1 1 1 1 1 1 1 1 1 1 1 1 1 1 1 1 1 1 1 1 100 100 100 100 100 100 100 100 100 100 100 100 100 100 1 1 1 1 1 1 1 1 1 1 1 1 1 1 1 1 100 100 1 1 1 1 1 1 100 100 100 1 1 1 1 1 1 1 1 1 1 1 1 1 1 1 100 100 1 1 1 1 1 1 1 1 1 1 1 1 1 12 12 12 12 12 12 1 12 1 1 1 12 1 12 1 1 7 12 12 12 1 12 12 12 12 100 12 12 12 1 1 1 1 12 12 12 12 12 12 7 12 12 12 100 12 1 1 12 12 1 1 1 12 1 1 1 12 1 12 1 12 100 12 100 12 1 1 12 100 12 100 12 1 12 1 1 1 1 12 1 1 12 1 12 12 12 12 1 12 1 100 12 1 12 100 12 1 12 12 1 12 12 12 1 7 1 1 12 100 12 7 12 12 12 100 12 1 12 12 1 12 1 1 1 1 12 12 100 12 12 1 1 1 12 1 12 12 100 12 100 12 100 12 12 1 12 1 12 12 1 12 1 12 1 12 1 100 12 1 1 100 1 1 1 1 1 1 1 1 1 1 1 1 1 1 1 1 1 1 1 1 1 1 1 1 1 1 1 1 1 1 1 1 1 1 1 1 1 1 1 1 1 1 1 1 1 1 1 1 1 1 1 1 1 1 1 1 1 1 1 1 1 1 1 1 1 1 1 1 1 1 1 1 1 1 1 1 1 1 1 1 1 1 1 1 1 1 1 1 1 1 1 1 1 1 1 1 1 1 1 1 1 1 1 1 1 1 1 1 1 1 1 1 1 1 1 1
instanceKlass nonapi/io/github/classgraph/fileslice/PathSlice
instanceKlass nonapi/io/github/classgraph/fileslice/ArraySlice
instanceKlass nonapi/io/github/classgraph/fileslice/FileSlice
ciInstanceKlass nonapi/io/github/classgraph/fileslice/Slice 1 1 128 10 9 9 9 9 9 9 100 8 10 8 8 10 10 7 10 10 100 10 9 10 10 9 10 7 7 100 1 1 1 1 1 1 1 1 1 1 1 1 1 1 1 1 1 1 1 1 1 1 1 100 100 1 1 1 1 1 1 100 1 1 1 1 1 100 1 1 1 1 1 1 1 1 1 1 1 1 1 1 1 1 1 1 12 12 12 12 12 12 12 1 1 12 1 1 12 12 1 12 7 12 1 12 100 12 12 100 12 12 12 1 1 1 1 1 1 1 1 1 1 1 1 1 1 1 1 1
ciInstanceKlass nonapi/io/github/classgraph/fileslice/FileSlice 1 1 290 10 7 10 9 9 9 9 9 9 9 10 9 10 9 10 10 10 10 7 8 10 10 9 9 9 10 100 100 10 10 100 10 8 10 10 8 8 10 10 10 10 9 100 8 10 7 9 10 7 10 100 10 9 7 5 0 8 10 10 10 10 7 10 8 10 11 8 10 10 10 10 10 10 10 10 7 1 1 1 1 1 1 1 1 1 1 1 1 1 1 1 1 1 1 1 1 1 1 1 1 1 1 1 1 1 100 100 1 1 1 1 1 1 100 100 100 1 1 1 1 1 1 1 1 1 1 1 1 1 1 100 100 100 1 1 1 1 1 1 1 1 1 1 100 1 1 12 1 12 12 12 12 12 12 12 12 100 12 12 100 12 12 12 7 12 12 12 1 1 12 12 7 12 7 12 100 12 100 12 1 1 100 12 12 1 1 12 12 1 1 12 100 12 12 12 12 1 1 12 1 12 12 1 12 1 12 12 1 1 12 12 7 12 1 12 1 12 7 12 1 12 12 12 12 12 12 12 1 1 1 1 1 1 1 1 1 1 1 1 1 1 1 1 1 1 1 1 1 1 1 1 1 1 1 1 1 1 1 1 1 1 1 1 1 1 1 1 1 1 1 1 1 1 1 1 1 1 1 1 1 1 1 1 1 1 1 1 1 1
ciInstanceKlass nonapi/io/github/classgraph/utils/LogNode 0 0 396 9 10 10 9 10 9 100 10 9 9 9 9 100 10 100 10 10 10 9 9 10 10 8 5 0 10 100 10 8 10 10 10 10 10 8 8 10 8 8 8 8 8 8 8 8 8 8 8 8 10 8 10 100 10 10 10 9 10 10 10 8 9 6 0 10 8 10 8 10 11 11 11 11 100 11 100 10 8 8 100 9 10 10 10 9 11 10 10 10 11 100 8 100 8 10 11 11 10 8 8 10 10 10 100 10 100 8 9 10 100 8 10 1 1 1 1 1 1 1 1 1 1 1 1 1 1 1 1 1 1 1 1 1 1 1 1 1 1 1 1 1 1 1 1 1 1 1 1 1 100 100 100 1 1 1 1 1 1 1 1 1 1 1 1 1 1 1 1 1 1 1 1 1 1 1 1 1 1 1 100 100 100 100 100 1 1 1 1 1 1 1 1 1 1 1 1 1 1 1 1 1 1 1 1 1 1 1 1 1 1 1 12 12 100 12 12 12 12 1 12 12 12 12 1 1 12 100 12 12 12 12 100 12 1 12 1 1 12 100 12 12 12 1 1 12 1 1 1 1 1 1 1 1 1 1 1 1 100 12 1 12 1 100 12 100 12 12 12 12 12 12 1 12 12 1 12 1 12 100 12 100 12 100 12 12 1 12 1 12 1 1 1 12 12 100 12 12 12 12 12 12 12 100 1 1 1 1 12 12 12 1 1 100 12 12 12 1 12 1 1 100 12 12 1 1 1 1 1 1 1 1 1 1 1 1 1 1 1 1 1 1 1 1 1 1 1 1 1 1 1 1 1 1 1 1 1 1 1 1 1 1 1 1 1 1 1 1 1 1 1 1 1 1 1 1 1 1 1 1 1 1 1 1 1 1 1 1 1 1 1 1 1 1 1 1
ciInstanceKlass nonapi/io/github/classgraph/fileslice/reader/RandomAccessReader 1 0 27 100 100 1 1 1 100 1 1 1 1 1 1 1 1 1 1 1 1 1 1 1 1 1 1 1 1
instanceKlass nonapi/io/github/classgraph/fastzipfilereader/LogicalZipFile
ciInstanceKlass nonapi/io/github/classgraph/fastzipfilereader/ZipFileSlice 1 1 184 10 9 9 9 9 10 9 9 9 9 10 10 10 10 10 8 10 7 10 10 10 11 100 10 7 10 7 10 10 11 10 8 10 8 8 9 10 8 9 8 10 8 1 1 1 1 1 1 1 1 1 1 1 1 1 1 1 1 1 1 1 100 100 1 1 1 7 1 1 1 1 1 1 1 1 1 1 1 1 1 1 1 1 1 1 1 1 1 100 100 100 1 1 1 1 1 1 1 1 100 100 1 1 12 12 12 7 12 12 12 100 12 12 100 12 12 12 12 12 1 12 1 12 12 100 12 1 12 1 7 12 1 12 12 100 1 100 12 1 1 100 12 12 1 12 1 12 1 1 1 100 1 1 1 1 1 1 1 1 1 1 1 1 1 1 1 1 1 1 1 1 1 1 1 1 1 1 1 1 1 1 1 1
ciInstanceKlass nonapi/io/github/classgraph/fastzipfilereader/LogicalZipFile 1 1 750 7 10 7 10 10 9 10 7 9 10 7 10 10 8 10 100 100 8 10 7 8 10 10 10 10 10 10 10 9 10 10 9 10 10 11 8 10 9 11 7 10 9 8 9 9 100 10 8 10 10 10 9 9 8 9 8 10 8 8 8 100 8 8 10 9 8 8 8 8 8 8 9 8 9 9 9 8 9 8 9 9 9 8 9 9 5 0 8 10 5 0 5 0 11 5 0 5 0 5 0 10 11 8 7 10 10 10 7 10 8 10 5 0 11 5 0 5 0 5 0 8 5 0 8 10 8 8 5 0 5 0 5 0 11 5 0 8 8 5 0 5 0 5 0 5 0 8 5 0 8 8 7 5 0 10 5 0 5 0 8 10 5 0 5 0 8 8 8 7 10 9 8 11 10 10 8 8 8 10 5 0 5 0 8 8 8 8 11 5 0 8 8 5 0 100 8 5 0 8 8 8 8 8 8 7 10 11 9 8 100 100 8 11 8 8 11 11 10 10 9 8 8 100 10 11 11 11 9 11 10 10 8 8 10 7 10 9 11 11 11 8 10 10 8 10 8 8 8 8 8 8 8 8 8 7 1 1 1 1 1 1 1 1 1 1 1 1 1 1 1 1 1 1 8 1 1 8 1 1 1 1 1 1 1 1 1 1 1 1 1 1 1 1 1 1 1 1 1 1 1 1 1 1 100 1 7 1 1 1 1 1 1 1 1 1 1 1 1 1 1 1 1 1 1 1 100 100 100 100 1 1 1 1 1 1 1 1 1 1 1 1 1 1 1 1 1 1 1 1 100 1 1 1 1 1 1 1 1 1 1 1 1 1 1 1 1 1 1 1 1 1 1 1 1 1 1 1 1 1 1 1 1 1 1 1 1 1 1 1 1 1 1 1 1 1 1 1 1 1 1 1 1 1 1 1 1 1 1 1 1 1 1 1 1 1 1 100 100 100 100 100 100 100 100 100 100 100 100 100 100 1 1 1 1 1 1 1 1 1 1 1 1 1 12 1 12 7 12 12 12 1 7 12 12 1 12 1 12 1 1 1 12 100 1 1 1 12 12 12 12 12 12 7 12 12 12 7 12 12 12 12 12 1 12 12 12 1 12 12 1 12 12 1 1 12 12 100 12 12 12 1 12 1 12 1 1 1 1 1 1 12 12 1 1 1 1 1 1 12 1 12 12 12 1 12 1 12 12 12 1 12 12 1 12 7 12 100 12 12 1 1 12 12 1 12 1 12 12 1 1 12 1 1 12 1 1 1 1 1 1 12 1 12 1 1 1 1 12 12 1 12 12 12 1 1 1 12 1 1 1 1 12 1 1 1 1 1 1 1 1 1 1 1 12 7 12 12 1 1 1 1 1 1 12 12 12 12 7 12 1 1 1 12 7 12 12 12 100 12 7 12 1 1 100 12 1 12 7 12 12 12 1 12 1 12 1 1 1 1 1 1 1 1 1 1 1 1 1 1 1 1 1 1 1 1 1 1 1 1 1 1 1 1 1 1 1 1 1 1 1 1 1 1 1 1 1 1 1 1 1 1 1 1 1 1 1 1 1 1 1 1 1 1 1 1 1 1 1 1 1 1 1 1 1 1 1 1 1 1 1 1 1 1 1 1 1 1 1 1 1 1 1 1 1 1 1 1 1 1 1 1 1 1 1 1 1 1 1 1 1 1 1 1 1 1 1 1 1 1
staticfield nonapi/io/github/classgraph/fastzipfilereader/LogicalZipFile IMPLEMENTATION_TITLE_KEY [B 20
staticfield nonapi/io/github/classgraph/fastzipfilereader/LogicalZipFile SPECIFICATION_TITLE_KEY [B 19
staticfield nonapi/io/github/classgraph/fastzipfilereader/LogicalZipFile CLASS_PATH_KEY [B 10
staticfield nonapi/io/github/classgraph/fastzipfilereader/LogicalZipFile BUNDLE_CLASSPATH_KEY [B 16
staticfield nonapi/io/github/classgraph/fastzipfilereader/LogicalZipFile SPRING_BOOT_CLASSES_KEY [B 19
staticfield nonapi/io/github/classgraph/fastzipfilereader/LogicalZipFile SPRING_BOOT_LIB_KEY [B 15
staticfield nonapi/io/github/classgraph/fastzipfilereader/LogicalZipFile MULTI_RELEASE_KEY [B 13
staticfield nonapi/io/github/classgraph/fastzipfilereader/LogicalZipFile ADD_EXPORTS_KEY [B 11
staticfield nonapi/io/github/classgraph/fastzipfilereader/LogicalZipFile ADD_OPENS_KEY [B 9
staticfield nonapi/io/github/classgraph/fastzipfilereader/LogicalZipFile AUTOMATIC_MODULE_NAME_KEY [B 21
ciInstanceKlass nonapi/io/github/classgraph/fastzipfilereader/FastZipEntry 1 1 240 10 9 9 9 9 9 9 9 9 9 9 7 8 10 10 10 10 10 10 9 10 8 9 9 9 9 10 11 3 100 100 10 8 10 10 10 5 0 5 0 11 5 0 9 8 10 10 8 8 10 10 10 100 10 10 10 10 10 7 10 10 8 10 7 100 1 1 1 1 1 1 1 1 1 1 1 1 1 1 1 1 1 1 1 1 1 1 1 1 1 1 1 1 1 1 1 1 1 1 1 100 100 100 1 1 1 1 1 100 1 1 1 1 1 1 1 1 1 1 1 1 1 1 1 1 1 1 1 1 1 1 1 1 1 1 1 1 1 1 1 1 1 12 12 12 12 12 12 12 12 12 12 12 1 1 7 12 12 12 12 12 12 7 12 12 1 12 12 12 7 12 7 12 1 1 1 12 12 12 12 12 1 12 12 1 1 100 12 12 12 1 12 12 12 12 1 12 12 1 1 1 1 1 1 1 1 1 1 1 1 1 1 1 1 1 1 1 1 1 1 1 1 1 1 1 1 1 1 1 1 1 1 1 1 1 1 1 1 1
ciMethod java/util/AbstractMap$SimpleEntry <init> (Ljava/lang/Object;Ljava/lang/Object;)V 512 0 673 0 -1
ciMethod java/util/AbstractMap$SimpleEntry getKey ()Ljava/lang/Object; 270 0 135 0 0
ciMethod java/util/AbstractMap$SimpleEntry getValue ()Ljava/lang/Object; 270 0 135 0 0
ciMethod nonapi/io/github/classgraph/fastzipfilereader/NestedJarHandler readAllBytesAsArray (Ljava/io/InputStream;J)[B 630 630 175 0 -1
ciMethod nonapi/io/github/classgraph/fileslice/Slice slice (JJZJ)Lnonapi/io/github/classgraph/fileslice/Slice; 0 0 1 0 -1
ciMethod nonapi/io/github/classgraph/fileslice/Slice open ()Ljava/io/InputStream; 632 0 175 0 -1
ciMethod nonapi/io/github/classgraph/fileslice/Slice randomAccessReader ()Lnonapi/io/github/classgraph/fileslice/reader/RandomAccessReader; 0 0 1 0 -1
ciMethod nonapi/io/github/classgraph/fileslice/Slice load ()[B 0 0 1 0 -1
ciMethod nonapi/io/github/classgraph/fileslice/FileSlice randomAccessReader ()Lnonapi/io/github/classgraph/fileslice/reader/RandomAccessReader; 512 0 530 0 -1
ciMethod nonapi/io/github/classgraph/fileslice/FileSlice load ()[B 634 0 176 0 0
ciMethod nonapi/io/github/classgraph/fileslice/reader/RandomAccessReader read (J[BII)I 0 0 1 0 -1
ciMethod nonapi/io/github/classgraph/fileslice/reader/RandomAccessReader readShort (J)S 0 0 1 0 -1
ciMethod nonapi/io/github/classgraph/fileslice/reader/RandomAccessReader readInt (J)I 0 0 1 0 -1
ciMethod nonapi/io/github/classgraph/fastzipfilereader/LogicalZipFile getManifestValue ([BI)Ljava/util/Map$Entry; 134 2392 312 0 0
ciMethod nonapi/io/github/classgraph/fastzipfilereader/LogicalZipFile keyMatchesAtPosition ([B[BI)Z 772 280 6064 0 800
ciMethod nonapi/io/github/classgraph/fastzipfilereader/LogicalZipFile parseManifest (Lnonapi/io/github/classgraph/fastzipfilereader/FastZipEntry;Lnonapi/io/github/classgraph/utils/LogNode;)V 74 122096 175 0 -1
ciMethod nonapi/io/github/classgraph/fastzipfilereader/FastZipEntry getSlice ()Lnonapi/io/github/classgraph/fileslice/Slice; 74 0 175 0 0
ciMethodData nonapi/io/github/classgraph/fastzipfilereader/LogicalZipFile keyMatchesAtPosition ([B[BI)Z 2 6064 orig 80 0 0 0 0 0 0 0 0 0 0 0 0 250 127 0 0 0 0 0 0 0 0 0 0 0 0 0 0 0 0 0 0 0 0 0 0 0 0 0 0 0 0 0 0 0 0 0 0 0 0 0 0 0 0 0 0 0 0 0 0 0 0 0 0 0 0 0 0 0 0 0 0 0 0 0 0 0 0 0 0 data 28 0x80007 0x1 0x40 0x162c 0x130007 0x19a 0x20 0x1492 0x1d0007 0x4f 0x58 0x78a 0x2c0007 0x63f 0x20 0x14b 0x340003 0x63f 0xffffffffffffffc0 0x0 0x0 0x0 0x0 0x9 0x3 0x0 0x0 0x0 oops 0 methods 0
ciMethodData nonapi/io/github/classgraph/fastzipfilereader/LogicalZipFile parseManifest (Lnonapi/io/github/classgraph/fastzipfilereader/FastZipEntry;Lnonapi/io/github/classgraph/utils/LogNode;)V 2 922502 orig 80 0 0 0 0 0 0 0 0 0 0 0 0 250 127 0 0 0 0 0 0 0 0 0 0 0 0 0 0 0 0 0 0 0 0 0 0 0 0 0 0 0 0 0 0 0 0 0 0 0 0 0 0 0 0 0 0 0 0 0 0 0 0 0 0 0 0 0 0 0 0 0 0 0 0 0 0 0 0 0 0 data 929 0x10005 0x0 0x0 0x28b42c5dea0 0x8a 0x0 0x0 0x40005 0x0 0x0 0x28b42c605f0 0x8a 0x0 0x0 0xf0007 0x0 0x1b88 0x5041 0x1b0007 0x1156 0x40 0x3ef2 0x240007 0x2bc2 0x38 0x1332 0x2a0003 0x2487 0x1990 0x330002 0x2bc2 0x360007 0x2b71 0x1b8 0x51 0x430002 0x51 0x4a0005 0x0 0x0 0x28b42c606a0 0x51 0x0 0x0 0x4f0004 0x0 0x0 0x28b4c35e310 0x51 0x0 0x0 0x540005 0x51 0x0 0x0 0x0 0x0 0x0 0x570007 0x51 0x20 0x0 0x610005 0x0 0x0 0x28b42c606a0 0x51 0x0 0x0 0x660004 0x0 0x0 0x28b4c361ff0 0x51 0x0 0x0 0x690005 0x51 0x0 0x0 0x0 0x0 0x0 0x6e0003 0x51 0x17c8 0x770002 0x2b71 0x7a0007 0x2b30 0x1b8 0x41 0x870002 0x41 0x8e0005 0x0 0x0 0x28b42c606a0 0x41 0x0 0x0 0x930004 0x0 0x0 0x28b4c35e310 0x41 0x0 0x0 0x980005 0x41 0x0 0x0 0x0 0x0 0x0 0x9b0007 0x41 0x20 0x0 0xa50005 0x0 0x0 0x28b42c606a0 0x41 0x0 0x0 0xaa0004 0x0 0x0 0x28b4c361ff0 0x41 0x0 0x0 0xad0005 0x41 0x0 0x0 0x0 0x0 0x0 0xb20003 0x41 0x1600 0xbb0002 0x2b30 0xbe0007 0x2b2d 0x270 0x3 0xcb0002 0x3 0xd30005 0x0 0x0 0x28b42c606a0 0x3 0x0 0x0 0xd80004 0x0 0x0 0x28b4c35e310 0x3 0x0 0x0 0xdf0007 0x3 0x110 0x0 0xe70002 0x0 0xec0005 0x0 0x0 0x0 0x0 0x0 0x0 0xf30005 0x0 0x0 0x0 0x0 0x0 0x0 0xf60005 0x0 0x0 0x0 0x0 0x0 0x0 0xf90005 0x0 0x0 0x0 0x0 0x0 0x0 0xff0005 0x0 0x0 0x28b42c606a0 0x3 0x0 0x0 0x1040004 0x0 0x0 0x28b4c361ff0 0x3 0x0 0x0 0x1070005 0x3 0x0 0x0 0x0 0x0 0x0 0x10c0003 0x3 0x1380 0x1150002 0x2b2d 0x1180007 0x2b28 0x270 0x4 0x1250002 0x4 0x12d0005 0x0 0x0 0x28b42c606a0 0x4 0x0 0x0 0x1320004 0x0 0x0 0x28b4c35e310 0x4 0x0 0x0 0x1390007 0x4 0x110 0x0 0x1410002 0x0 0x1460005 0x0 0x0 0x0 0x0 0x0 0x0 0x14d0005 0x0 0x0 0x0 0x0 0x0 0x0 0x1500005 0x0 0x0 0x0 0x0 0x0 0x0 0x1530005 0x0 0x0 0x0 0x0 0x0 0x0 0x1590005 0x0 0x0 0x28b42c606a0 0x4 0x0 0x0 0x15e0004 0x0 0x0 0x28b4c361ff0 0x4 0x0 0x0 0x1610005 0x4 0x0 0x0 0x0 0x0 0x0 0x1660003 0x4 0x1100 0x16f0002 0x2b28 0x1720007 0x2b28 0x3c0 0x0 0x17f0002 0x0 0x1860005 0x0 0x0 0x0 0x0 0x0 0x0 0x18b0004 0x0 0x0 0x0 0x0 0x0 0x0 0x1940005 0x0 0x0 0x0 0x0 0x0 0x0 0x1970007 0x0 0x228 0x0 0x19e0005 0x0 0x0 0x0 0x0 0x0 0x0 0x1a10007 0x0 0x1d0 0x0 0x1a80005 0x0 0x0 0x0 0x0 0x0 0x0 0x1ab0007 0x0 0x178 0x0 0x1b20005 0x0 0x0 0x0 0x0 0x0 0x0 0x1b50007 0x0 0x120 0x0 0x1c00002 0x0 0x1c50005 0x0 0x0 0x0 0x0 0x0 0x0 0x1ca0005 0x0 0x0 0x0 0x0 0x0 0x0 0x1cf0005 0x0 0x0 0x0 0x0 0x0 0x0 0x1d20005 0x0 0x0 0x0 0x0 0x0 0x0 0x1d50002 0x0 0x1db0005 0x0 0x0 0x0 0x0 0x0 0x0 0x1e00004 0x0 0x0 0x0 0x0 0x0 0x0 0x1e30005 0x0 0x0 0x0 0x0 0x0 0x0 0x1e80003 0x0 0xd30 0x1f10002 0x2b27 0x1f40007 0x2b28 0x3c0 0x0 0x2010002 0x0 0x2080005 0x0 0x0 0x0 0x0 0x0 0x0 0x20d0004 0x0 0x0 0x0 0x0 0x0 0x0 0x2160005 0x0 0x0 0x0 0x0 0x0 0x0 0x2190007 0x0 0x228 0x0 0x2200005 0x0 0x0 0x0 0x0 0x0 0x0 0x2230007 0x0 0x1d0 0x0 0x22a0005 0x0 0x0 0x0 0x0 0x0 0x0 0x22d0007 0x0 0x178 0x0 0x2340005 0x0 0x0 0x0 0x0 0x0 0x0 0x2370007 0x0 0x120 0x0 0x2420002 0x0 0x2470005 0x0 0x0 0x0 0x0 0x0 0x0 0x24c0005 0x0 0x0 0x0 0x0 0x0 0x0 0x2510005 0x0 0x0 0x0 0x0 0x0 0x0 0x2540005 0x0 0x0 0x0 0x0 0x0 0x0 0x2570002 0x0 0x25d0005 0x0 0x0 0x0 0x0 0x0 0x0 0x2620004 0x0 0x0 0x0 0x0 0x0 0x0 0x2650005 0x0 0x0 0x0 0x0 0x0 0x0 0x26a0003 0x0 0x960 0x2730002 0x2b28 0x2760007 0x2b0b 0x1b8 0x1d 0x2830002 0x1d 0x28a0005 0x0 0x0 0x28b42c606a0 0x1d 0x0 0x0 0x28f0004 0x0 0x0 0x28b4c35e310 0x1d 0x0 0x0 0x2940005 0x1d 0x0 0x0 0x0 0x0 0x0 0x2970007 0x0 0x20 0x1d 0x2a10005 0x0 0x0 0x28b42c606a0 0x1d 0x0 0x0 0x2a60004 0x0 0x0 0x28b4c361ff0 0x1d 0x0 0x0 0x2a90005 0x1d 0x0 0x0 0x0 0x0 0x0 0x2ae0003 0x1d 0x798 0x2b70002 0x2b0b 0x2ba0007 0x2b0a 0x270 0x0 0x2c70002 0x0 0x2cf0005 0x0 0x0 0x0 0x0 0x0 0x0 0x2d40004 0x0 0x0 0x0 0x0 0x0 0x0 0x2db0007 0x0 0x110 0x0 0x2e30002 0x0 0x2e80005 0x0 0x0 0x0 0x0 0x0 0x0 0x2ef0005 0x0 0x0 0x0 0x0 0x0 0x0 0x2f20005 0x0 0x0 0x0 0x0 0x0 0x0 0x2f50005 0x0 0x0 0x0 0x0 0x0 0x0 0x2fb0005 0x0 0x0 0x0 0x0 0x0 0x0 0x3000004 0x0 0x0 0x0 0x0 0x0 0x0 0x3030005 0x0 0x0 0x0 0x0 0x0 0x0 0x3080003 0x0 0x518 0x3110002 0x2b0a 0x3140007 0x2b0a 0x270 0x0 0x3210002 0x0 0x3290005 0x0 0x0 0x0 0x0 0x0 0x0 0x32e0004 0x0 0x0 0x0 0x0 0x0 0x0 0x3350007 0x0 0x110 0x0 0x33d0002 0x0 0x3420005 0x0 0x0 0x0 0x0 0x0 0x0 0x3490005 0x0 0x0 0x0 0x0 0x0 0x0 0x34c0005 0x0 0x0 0x0 0x0 0x0 0x0 0x34f0005 0x0 0x0 0x0 0x0 0x0 0x0 0x3550005 0x0 0x0 0x0 0x0 0x0 0x0 0x35a0004 0x0 0x0 0x0 0x0 0x0 0x0 0x35d0005 0x0 0x0 0x0 0x0 0x0 0x0 0x3620003 0x0 0x298 0x36b0002 0x2b0a 0x36e0007 0x2acc 0x270 0x3f 0x37b0002 0x3f 0x3830005 0x0 0x0 0x28b42c606a0 0x3f 0x0 0x0 0x3880004 0x0 0x0 0x28b4c35e310 0x3f 0x0 0x0 0x38f0007 0x3f 0x110 0x0 0x3970002 0x0 0x39c0005 0x0 0x0 0x0 0x0 0x0 0x0 0x3a30005 0x0 0x0 0x0 0x0 0x0 0x0 0x3a60005 0x0 0x0 0x0 0x0 0x0 0x0 0x3a90005 0x0 0x0 0x0 0x0 0x0 0x0 0x3af0005 0x0 0x0 0x28b42c606a0 0x3f 0x0 0x0 0x3b40004 0x0 0x0 0x28b4c361ff0 0x3f 0x0 0x0 0x3b70005 0x3f 0x0 0x0 0x0 0x0 0x0 0x3bc0003 0x3f 0x18 0x3c40007 0xf5 0x180 0x4f4d 0x3cd0007 0x8 0x128 0xd24c0 0x3d60007 0xcd5f4 0x78 0x4f44 0x3e10007 0x0 0x58 0x4f44 0x3ec0007 0x1156 0x38 0x3df3 0x3f20003 0x3df4 0xa8 0x3fb0007 0x1156 0x40 0xcd5e5 0x4040007 0xcc49b 0x58 0x1156 0x40f0007 0x1156 0x38 0x1156 0x4150003 0x1156 0x30 0x41b0003 0xcd5bd 0xfffffffffffffef0 0x4240007 0x4ec2 0x38 0x8a 0x4270003 0x8a 0x30 0x42a0003 0x4fb7 0xffffffffffffe490 0x0 0x0 0x0 0x0 0x0 0x0 0x0 0x0 0x0 0x0 0x0 0x0 0x0 0x0 0x0 0x0 0x0 0x0 0x0 0x0 0x0 0x0 0x0 0x0 0x0 0x0 0x0 0x0 0x0 0x9 0x3 0x0 0x0 0x0 oops 26 3 nonapi/io/github/classgraph/fastzipfilereader/FastZipEntry 10 nonapi/io/github/classgraph/fileslice/FileSlice 40 java/util/AbstractMap$SimpleEntry 47 java/lang/String 65 java/util/AbstractMap$SimpleEntry 72 java/lang/Integer 97 java/util/AbstractMap$SimpleEntry 104 java/lang/String 122 java/util/AbstractMap$SimpleEntry 129 java/lang/Integer 154 java/util/AbstractMap$SimpleEntry 161 java/lang/String 202 java/util/AbstractMap$SimpleEntry 209 java/lang/Integer 234 java/util/AbstractMap$SimpleEntry 241 java/lang/String 282 java/util/AbstractMap$SimpleEntry 289 java/lang/Integer 558 java/util/AbstractMap$SimpleEntry 565 java/lang/String 583 java/util/AbstractMap$SimpleEntry 590 java/lang/Integer 775 java/util/AbstractMap$SimpleEntry 782 java/lang/String 823 java/util/AbstractMap$SimpleEntry 830 java/lang/Integer methods 0
compile nonapi/io/github/classgraph/fastzipfilereader/LogicalZipFile parseManifest (Lnonapi/io/github/classgraph/fastzipfilereader/FastZipEntry;Lnonapi/io/github/classgraph/utils/LogNode;)V -1 4 inline 29 0 -1 nonapi/io/github/classgraph/fastzipfilereader/LogicalZipFile parseManifest (Lnonapi/io/github/classgraph/fastzipfilereader/FastZipEntry;Lnonapi/io/github/classgraph/utils/LogNode;)V 1 51 nonapi/io/github/classgraph/fastzipfilereader/LogicalZipFile keyMatchesAtPosition ([B[BI)Z 1 74 java/util/AbstractMap$SimpleEntry getKey ()Ljava/lang/Object; 1 97 java/util/AbstractMap$SimpleEntry getValue ()Ljava/lang/Object; 1 105 java/lang/Integer intValue ()I 1 119 nonapi/io/github/classgraph/fastzipfilereader/LogicalZipFile keyMatchesAtPosition ([B[BI)Z 1 142 java/util/AbstractMap$SimpleEntry getKey ()Ljava/lang/Object; 1 165 java/util/AbstractMap$SimpleEntry getValue ()Ljava/lang/Object; 1 173 java/lang/Integer intValue ()I 1 187 nonapi/io/github/classgraph/fastzipfilereader/LogicalZipFile keyMatchesAtPosition ([B[BI)Z 1 211 java/util/AbstractMap$SimpleEntry getKey ()Ljava/lang/Object; 1 255 java/util/AbstractMap$SimpleEntry getValue ()Ljava/lang/Object; 1 263 java/lang/Integer intValue ()I 1 277 nonapi/io/github/classgraph/fastzipfilereader/LogicalZipFile keyMatchesAtPosition ([B[BI)Z 1 301 java/util/AbstractMap$SimpleEntry getKey ()Ljava/lang/Object; 1 345 java/util/AbstractMap$SimpleEntry getValue ()Ljava/lang/Object; 1 353 java/lang/Integer intValue ()I 1 367 nonapi/io/github/classgraph/fastzipfilereader/LogicalZipFile keyMatchesAtPosition ([B[BI)Z 1 497 nonapi/io/github/classgraph/fastzipfilereader/LogicalZipFile keyMatchesAtPosition ([B[BI)Z 1 627 nonapi/io/github/classgraph/fastzipfilereader/LogicalZipFile keyMatchesAtPosition ([B[BI)Z 1 650 java/util/AbstractMap$SimpleEntry getKey ()Ljava/lang/Object; 1 673 java/util/AbstractMap$SimpleEntry getValue ()Ljava/lang/Object; 1 681 java/lang/Integer intValue ()I 1 695 nonapi/io/github/classgraph/fastzipfilereader/LogicalZipFile keyMatchesAtPosition ([B[BI)Z 1 785 nonapi/io/github/classgraph/fastzipfilereader/LogicalZipFile keyMatchesAtPosition ([B[BI)Z 1 875 nonapi/io/github/classgraph/fastzipfilereader/LogicalZipFile keyMatchesAtPosition ([B[BI)Z 1 899 java/util/AbstractMap$SimpleEntry getKey ()Ljava/lang/Object; 1 943 java/util/AbstractMap$SimpleEntry getValue ()Ljava/lang/Object; 1 951 java/lang/Integer intValue ()I
